phon,cgram,freqfilms2,freqlivres,p_cvcv,syll
opyl@s,NOM,0.54,3.24,VCVCVC,o-py-l@s
aRaS2z,NOM,0,0.07,VCVCVC,a-Ra-S2z
yRineR,ADJ,0.98,0.14,VCVCVC,y-Ri-neR
ad5dOm,NOM,0.01,0.07,VCVCVC,a-d5-dOm
adeR@t,ADJ,0,0.14,VCVCVC,a-de-R@t
ekut2z,NOM,0,0.07,VCVCVC,e-ku-t2z
ytopik,ADJ,0.16,0.2,VCVCVC,y-to-pik
ilaR@t,ADJ,0.09,0.14,VCVCVC,i-la-R@t
@Zol2z,ADJ,0,0.07,VCVCVC,@-Zo-l2z
aleS@t,ADJ,0.29,0.61,VCVCVC,a-le-S@t
@gaZeR,VeR,0.06,2.3,VCVCVC,@-ga-ZeR
el*veR,VeR,0.07,1.76,VCVCVC,e-l*-veR
5k6beR,VeR,0,0.07,VCVCVC,5-k6-beR
amuRet,NOM,0.54,0.47,VCVCVC,a-mu-Ret
el*v2z,NOM,0.04,0,VCVCVC,e-l*-v2z
an6s9R,NOM,0.5,0.07,VCVCVC,a-n6-s9R
aRaS9R,NOM,0,0.27,VCVCVC,a-Ra-S9R
asasin,ADJ,0.27,0.27,VCVCVC,a-sa-sin
@kes9R,NOM,0.67,0.47,VCVCVC,@-ke-s9R
anOdik,ADJ,0.2,0,VCVCVC,a-nO-dik
@fizem,NOM,0.3,0.34,VCVCVC,@-fi-zem
5dolOR,ADJ,0.69,0.47,VCVCVC,5-do-lOR
omolOg,ADJ,0.01,0,VCVCVC,o-mo-lOg
eRitem,NOM,0.16,0,VCVCVC,e-Ri-tem
ematoz,NOM,0,0.07,VCVCVC,e-ma-toz
@tivOl,ADJ,0.14,0.07,VCVCVC,@-ti-vOl
elysid,VeR,0.1,0.2,VCVCVC,e-ly-sid
et5sel,VeR,0.78,0.61,VCVCVC,e-t5-sel
ab6d@t,ADJ,0.33,1.22,VCVCVC,a-b6-d@t
abataZ,NOM,0.02,0.14,VCVCVC,a-ba-taZ
@Zelys,NOM,0.8,1.28,VCVCVC,@-Ze-lys
yRineR,ADJ,0.28,0.2,VCVCVC,y-Ri-neR
2nolOg,NOM,0,0.14,VCVCVC,2-no-lOg
emotif,NOM,0.14,0.14,VCVCVC,e-mo-tif
aS*teR,VeR,0.06,0.95,VCVCVC,a-S*-teR
@baRas,VeR,1.14,1.42,VCVCVC,@-ba-Ras
ekym@t,ADJ,0,0.2,VCVCVC,e-ky-m@t
efasas,VeR,0,0.07,VCVCVC,e-fa-sas
omonim,NOM,0.04,0,VCVCVC,o-mo-nim
apatik,ADJ,0.06,0.14,VCVCVC,a-pa-tik
edikyl,NOM,0,0.07,VCVCVC,e-di-kyl
enymeR,VeR,0.51,0.68,VCVCVC,e-ny-meR
abutim,VeR,0,0.14,VCVCVC,a-bu-tim
evapOR,VeR,0.58,0.27,VCVCVC,e-va-pOR
amaR@t,NOM,0.02,0.27,VCVCVC,a-ma-R@t
ev@Zil,NOM,0.18,1.55,VCVCVC,e-v@-Zil
of@siv,NOM,0.21,0.34,VCVCVC,o-f@-siv
avokat,NOM,7.56,1.55,VCVCVC,a-vo-kat
efaR@t,ADJ,0.22,1.28,VCVCVC,e-fa-R@t
omel@d,NOM,0.14,0,VCVCVC,o-me-l@d
okyR@s,NOM,0.01,0.27,VCVCVC,o-ky-R@s
@pomyR,NOM,0.1,0.14,VCVCVC,@-po-myR
5syleR,ADJ,0.03,0.81,VCVCVC,5-sy-leR
ynanim,ADJ,1.77,4.66,VCVCVC,y-na-nim
abutiR,VeR,0,0.68,VCVCVC,a-bu-tiR
aleZ@s,NOM,1.61,1.35,VCVCVC,a-le-Z@s
adoseR,VeR,0,0.14,VCVCVC,a-do-seR
@tivOl,NOM,0.01,0,VCVCVC,@-ti-vOl
epinet,NOM,0,0.07,VCVCVC,e-pi-net
@meleR,VeR,0,0.14,VCVCVC,@-me-leR
@volam,VeR,0,0.07,VCVCVC,@-vo-lam
ak*dyk,NOM,0.21,0.34,VCVCVC,a-k*-dyk
otonom,NOM,0.26,0.14,VCVCVC,o-to-nom
anodin,ADJ,0.2,2.09,VCVCVC,a-no-din
asaZiR,VeR,0.15,0.41,VCVCVC,a-sa-ZiR
ekat6b,NOM,0,0.41,VCVCVC,e-ka-t6b
om6kyl,NOM,0.02,0.07,VCVCVC,o-m6-kyl
avalam,VeR,0,0.07,VCVCVC,a-va-lam
et5sel,NOM,2.71,7.91,VCVCVC,e-t5-sel
izabel,ADJ,1.85,0.47,VCVCVC,i-za-bel
agonik,NOM,0,0.07,VCVCVC,a-go-nik
amikal,NOM,0.08,1.55,VCVCVC,a-mi-kal
aRog@t,ADJ,1.53,1.01,VCVCVC,a-Ro-g@t
amyzet,NOM,0.03,0.61,VCVCVC,a-my-zet
aZitas,VeR,0,0.07,VCVCVC,a-Zi-tas
5sol@t,ADJ,0.03,0.47,VCVCVC,5-so-l@t
abatiR,VeR,0.03,0.95,VCVCVC,a-ba-tiR
5besil,ADJ,2.79,2.64,VCVCVC,5-be-sil
oRat9R,NOM,0.23,1.76,VCVCVC,o-Ra-t9R
@tuRaZ,NOM,3,10.68,VCVCVC,@-tu-RaZ
aS*tam,VeR,0,0.2,VCVCVC,a-S*-tam
aditif,ADJ,0.02,0,VCVCVC,a-di-tif
anonim,NOM,0.69,1.22,VCVCVC,a-no-nim
agiS9R,ADJ,0.06,0.07,VCVCVC,a-gi-S9R
oRikyl,NOM,0,0.07,VCVCVC,o-Ri-kyl
@Zol2z,NOM,0.02,0.07,VCVCVC,@-Zo-l2z
alym9R,NOM,0.07,0.07,VCVCVC,a-ly-m9R
od*Sos,NOM,0,0.2,VCVCVC,o-d*-Sos
aRivat,VeR,0.01,0.07,VCVCVC,a-Ri-vat
at*lam,VeR,0,0.07,VCVCVC,a-t*-lam
edit9R,NOM,1.37,3.45,VCVCVC,e-di-t9R
amat9R,NOM,5.53,7.16,VCVCVC,a-ma-t9R
av@taZ,VeR,0.58,0.74,VCVCVC,a-v@-taZ
afadis,VeR,0.01,0.07,VCVCVC,a-fa-dis
apaR@t,VeR,0.03,0.41,VCVCVC,a-pa-R@t
ezit@t,ADJ,0.32,5.88,VCVCVC,e-zi-t@t
asupis,VeR,0.02,0.14,VCVCVC,a-su-pis
ases9R,NOM,0.59,0.54,VCVCVC,a-se-s9R
afinaZ,NOM,0,0.07,VCVCVC,a-fi-naZ
aliNeR,VeR,0,0.27,VCVCVC,a-li-NeR
6kolOg,NOM,0.21,0,VCVCVC,6-ko-lOg
otoRiz,VeR,6.57,3.31,VCVCVC,o-to-Riz
eZakyl,VeR,0.44,0.34,VCVCVC,e-Za-kyl
2noteR,NOM,0,0.07,VCVCVC,2-no-teR
avizeR,VeR,0.12,0.14,VCVCVC,a-vi-zeR
azimyt,NOM,0.26,0.07,VCVCVC,a-zi-myt
6dyleR,VeR,0,0.07,VCVCVC,6-dy-leR
ataSeR,VeR,0.1,0.54,VCVCVC,a-ta-SeR
elimin,VeR,0.3,0.14,VCVCVC,e-li-min
afiSaZ,NOM,0.01,0.07,VCVCVC,a-fi-SaZ
as@s9R,NOM,2.48,2.23,VCVCVC,a-s@-s9R
ipofiz,NOM,0.07,0.07,VCVCVC,i-po-fiz
av*niR,NOM,72.47,113.18,VCVCVC,a-v*-niR
em@sip,VeR,0.05,0,VCVCVC,e-m@-sip
@p*R9R,NOM,1.1,2.57,VCVCVC,@-p*-R9R
at@dis,VeR,0,0.07,VCVCVC,a-t@-dis
al@bik,NOM,0.05,0.14,VCVCVC,a-l@-bik
ebetyd,NOM,0.14,4.05,VCVCVC,e-be-tyd
epigon,NOM,0,0.2,VCVCVC,e-pi-gon
ep@d9R,NOM,0.02,0,VCVCVC,e-p@-d9R
@kuRaZ,VeR,0.82,0.34,VCVCVC,@-ku-RaZ
@seN@t,NOM,0.45,0.47,VCVCVC,@-se-N@t
otonal,ADJ,0.1,0.2,VCVCVC,o-to-nal
akolad,NOM,0.84,1.69,VCVCVC,a-ko-lad
abisal,ADJ,0.05,0.2,VCVCVC,a-bi-sal
@t@d9R,NOM,0.28,0.27,VCVCVC,@-t@-d9R
elimam,VeR,0,0.07,VCVCVC,e-li-mam
emotif,NOM,0.01,0,VCVCVC,e-mo-tif
epuzeR,VeR,0.16,0.14,VCVCVC,e-pu-zeR
2Zenik,ADJ,0.01,0.07,VCVCVC,2-Ze-nik
omonim,ADJ,0.03,0.27,VCVCVC,o-mo-nim
eRatik,ADJ,0.04,0.34,VCVCVC,e-Ra-tik
animeR,VeR,0,0.81,VCVCVC,a-ni-meR
@tikOR,NOM,1.35,0.41,VCVCVC,@-ti-kOR
@kodaZ,NOM,0.06,0,VCVCVC,@-ko-daZ
eSalOt,NOM,0.8,0.81,VCVCVC,e-Sa-lOt
@timit,NOM,0.04,0.27,VCVCVC,@-ti-mit
5teROZ,VeR,0.94,0.2,VCVCVC,5-te-ROZ
oRifis,NOM,0.61,0.81,VCVCVC,o-Ri-fis
inytil,NOM,0.23,0.68,VCVCVC,i-ny-til
@tiRys,ADJ,0.11,0,VCVCVC,@-ti-Rys
@Zol2z,ADJ,0.01,0.54,VCVCVC,@-Zo-l2z
imatyR,ADJ,0.56,0.07,VCVCVC,i-ma-tyR
ekimoz,NOM,0.67,0.88,VCVCVC,e-ki-moz
oRifis,NOM,1.23,3.24,VCVCVC,o-Ri-fis
@RaZ@t,ADJ,0.01,0,VCVCVC,@-Ra-Z@t
od*let,NOM,0,0.07,VCVCVC,o-d*-let
5siziv,ADJ,0.05,0.41,VCVCVC,5-si-ziv
@beliR,VeR,1.06,1.55,VCVCVC,@-be-liR
abit@t,NOM,0.09,0.14,VCVCVC,a-bi-t@t
am*neR,VeR,0.61,1.08,VCVCVC,a-m*-neR
al*m@d,ADJ,10.82,25.34,VCVCVC,a-l*-m@d
ab@dOn,VeR,2.44,2.64,VCVCVC,a-b@-dOn
asuvis,VeR,0,0.07,VCVCVC,a-su-vis
5teROZ,VeR,8.37,12.36,VCVCVC,5-te-ROZ
atityd,NOM,1.66,10.41,VCVCVC,a-ti-tyd
@tiSaR,NOM,0.12,0.07,VCVCVC,@-ti-SaR
@peS2z,NOM,0.01,0.07,VCVCVC,@-pe-S2z
analOg,NOM,0.05,0.54,VCVCVC,a-na-lOg
agas@t,ADJ,0.4,1.22,VCVCVC,a-ga-s@t
elyzif,ADJ,0,0.07,VCVCVC,e-ly-zif
@menaZ,VeR,0.2,0.07,VCVCVC,@-me-naZ
@teReR,VeR,0.01,0.14,VCVCVC,@-te-ReR
abaZuR,NOM,0.51,8.24,VCVCVC,a-ba-ZuR
animik,ADJ,0,0.07,VCVCVC,a-ni-mik
yRinal,NOM,0.03,0.2,VCVCVC,y-Ri-nal
@RiSiR,VeR,3,4.19,VCVCVC,@-Ri-SiR
amidal,NOM,0.21,0.07,VCVCVC,a-mi-dal
em*Rod,NOM,0.88,3.58,VCVCVC,e-m*-Rod
5vazif,ADJ,0.11,0,VCVCVC,5-va-zif
amat9R,ADJ,3.56,3.72,VCVCVC,a-ma-t9R
@f6s9R,NOM,0,0.07,VCVCVC,@-f6-s9R
av*lin,NOM,0,0.07,VCVCVC,a-v*-lin
aRidel,NOM,0.01,0.41,VCVCVC,a-Ri-del
eSapeR,VeR,0.05,1.15,VCVCVC,e-Sa-peR
etilik,ADJ,0.26,0.34,VCVCVC,e-ti-lik
ap*niG,NOM,0.39,0.41,VCVCVC,a-p*-niG
emofil,NOM,0.01,0.07,VCVCVC,e-mo-fil
aR@Z9R,NOM,0.04,0.07,VCVCVC,a-R@-Z9R
@patik,ADJ,0.23,0.07,VCVCVC,@-pa-tik
5ses@t,ADJ,0.33,3.31,VCVCVC,5-se-s@t
ol@dez,ADJ,0.28,0.34,VCVCVC,o-l@-dez
am6sel,VeR,0.02,0.34,VCVCVC,a-m6-sel
abat9R,NOM,0.14,0.2,VCVCVC,a-ba-t9R
ipok@p,NOM,0.58,0.27,VCVCVC,i-po-k@p
ematin,NOM,0.05,0,VCVCVC,e-ma-tin
@tet@t,ADJ,0,0.2,VCVCVC,@-te-t@t
ol@dez,ADJ,1.01,2.09,VCVCVC,o-l@-dez
anyleR,ADJ,0.01,0.07,VCVCVC,a-ny-leR
5pybeR,ADJ,0,0.2,VCVCVC,5-py-beR
5vit9R,NOM,0,0.07,VCVCVC,5-vi-t9R
@Zol9R,NOM,0.01,0,VCVCVC,@-Zo-l9R
aReRaZ,NOM,0.2,0.14,VCVCVC,a-Re-RaZ
eton@t,ADJ,0.72,1.89,VCVCVC,e-to-n@t
atomik,ADJ,1.02,2.09,VCVCVC,a-to-mik
et@daZ,NOM,0.02,0.2,VCVCVC,e-t@-daZ
adoR@t,ADJ,0,0.07,VCVCVC,a-do-R@t
av@tyR,VeR,0.78,1.62,VCVCVC,a-v@-tyR
oRipil,VeR,0.21,0.41,VCVCVC,o-Ri-pil
@piRik,ADJ,0.22,0.54,VCVCVC,@-pi-Rik
em*Rod,NOM,1.88,2.84,VCVCVC,e-m*-Rod
al*zan,ADJ,0.02,1.82,VCVCVC,a-l*-zan
5tityl,VeR,1.6,0.81,VCVCVC,5-ti-tyl
afyt9R,NOM,0.01,0.07,VCVCVC,a-fy-t9R
5dol@s,NOM,0.27,2.5,VCVCVC,5-do-l@s
azigOs,ADJ,0.01,0,VCVCVC,a-zi-gOs
asasin,ADJ,0.32,1.01,VCVCVC,a-sa-sin
@taseR,VeR,0,0.34,VCVCVC,@-ta-seR
atipik,ADJ,0.26,0.14,VCVCVC,a-ti-pik
abyzif,ADJ,0.05,0.14,VCVCVC,a-by-zif
@tiZel,NOM,0.05,0,VCVCVC,@-ti-Zel
akeRiR,VeR,2.15,7.43,VCVCVC,a-ke-RiR
otoRut,NOM,0.95,2.23,VCVCVC,o-to-Rut
abalOn,NOM,0.01,0,VCVCVC,a-ba-lOn
aRoz9R,NOM,0.19,0.07,VCVCVC,a-Ro-z9R
otonal,ADJ,0.11,0.47,VCVCVC,o-to-nal
ason@s,NOM,0,0.07,VCVCVC,a-so-n@s
ateReR,VeR,0,0.14,VCVCVC,a-te-ReR
asefal,NOM,0,0.14,VCVCVC,a-se-fal
inedit,ADJ,0.12,0.95,VCVCVC,i-ne-dit
epizOd,NOM,3.69,6.01,VCVCVC,e-pi-zOd
emotiv,ADJ,0.16,0,VCVCVC,e-mo-tiv
eteRik,ADJ,0.01,0,VCVCVC,e-te-Rik
oRemys,NOM,0,0.14,VCVCVC,o-Re-mys
etamin,NOM,0.05,0.61,VCVCVC,e-ta-min
5diZen,ADJ,0.36,1.62,VCVCVC,5-di-Zen
ipotez,NOM,7.47,12.91,VCVCVC,i-po-tez
alymaZ,NOM,1.75,1.35,VCVCVC,a-ly-maZ
5sol@s,NOM,2.69,8.78,VCVCVC,5-so-l@s
ilegal,ADJ,11.93,0.88,VCVCVC,i-le-gal
omoZen,ADJ,0.04,0.34,VCVCVC,o-mo-Zen
emet9R,NOM,3.06,0.34,VCVCVC,e-me-t9R
@Z@b9R,NOM,0,0.14,VCVCVC,@-Z@-b9R
oRiZin,NOM,22.18,34.19,VCVCVC,o-Ri-Zin
evokeR,VeR,0.1,0.61,VCVCVC,e-vo-keR
eRoZen,ADJ,0.1,0.41,VCVCVC,e-Ro-Zen
@tig@g,NOM,0.11,0.14,VCVCVC,@-ti-g@g
aRoz2z,NOM,0.02,0.2,VCVCVC,a-Ro-z2z
inytil,NOM,6.56,2.23,VCVCVC,i-ny-til
alotan,NOM,0.5,0,VCVCVC,a-lo-tan
alet@t,ADJ,0.01,0.07,VCVCVC,a-le-t@t
efilOS,VeR,0,0.34,VCVCVC,e-fi-lOS
alyziv,ADJ,0,0.27,VCVCVC,a-ly-ziv
aReteR,VeR,0.24,10,VCVCVC,a-Re-teR
egaliz,VeR,0.02,0.07,VCVCVC,e-ga-liz
eRoZen,ADJ,0.04,0.2,VCVCVC,e-Ro-Zen
efas9R,NOM,0.1,0,VCVCVC,e-fa-s9R
am@din,NOM,0.02,0.07,VCVCVC,a-m@-din
5komOd,VeR,0.28,0.2,VCVCVC,5-ko-mOd
aN2lin,NOM,0,0.07,VCVCVC,a-N2-lin
odoR@t,ADJ,0.16,3.11,VCVCVC,o-do-R@t
ateRis,VeR,0.4,0.07,VCVCVC,a-te-Ris
elebOR,NOM,0.03,0.07,VCVCVC,e-le-bOR
amiRal,ADJ,0.01,0.14,VCVCVC,a-mi-Ral
amoliR,VeR,0.03,0.54,VCVCVC,a-mo-liR
@pilaZ,NOM,0.04,0.2,VCVCVC,@-pi-laZ
ateRiR,VeR,0.04,0.14,VCVCVC,a-te-RiR
ekut9R,NOM,0.97,0.47,VCVCVC,e-ku-t9R
aZis@t,ADJ,0.11,0.41,VCVCVC,a-Zi-s@t
analiz,NOM,14.87,8.31,VCVCVC,a-na-liz
ateNis,VeR,0,0.07,VCVCVC,a-te-Nis
aRiv@t,NOM,0.03,0.27,VCVCVC,a-Ri-v@t
in6deR,VeR,0,0.07,VCVCVC,i-n6-deR
an6s9R,NOM,0.09,0.2,VCVCVC,a-n6-s9R
abisal,ADJ,0.02,0.2,VCVCVC,a-bi-sal
abutis,VeR,0.47,1.49,VCVCVC,a-bu-tis
akonit,NOM,0.14,0.34,VCVCVC,a-ko-nit
akyleR,VeR,0,0.07,VCVCVC,a-ky-leR
amanit,NOM,0,0.14,VCVCVC,a-ma-nit
5sol@t,ADJ,2.23,3.24,VCVCVC,5-so-l@t
oniRik,ADJ,0.13,0.07,VCVCVC,o-ni-Rik
5pavid,ADJ,0.29,1.28,VCVCVC,5-pa-vid
oRaZ2z,ADJ,0.17,0.74,VCVCVC,o-Ra-Z2z
asupiR,VeR,0.4,3.24,VCVCVC,a-su-piR
etatik,ADJ,0.07,0.07,VCVCVC,e-ta-tik
emotif,ADJ,1.16,0.61,VCVCVC,e-mo-tif
agiSaZ,NOM,0.01,0,VCVCVC,a-gi-SaZ
5des@t,ADJ,0.07,0.47,VCVCVC,5-de-s@t
ab6d@s,NOM,2.76,9.39,VCVCVC,a-b6-d@s
ekaRiR,VeR,0.01,0.14,VCVCVC,e-ka-RiR
oRifeR,ADJ,0.01,0.14,VCVCVC,o-Ri-feR
asyRas,VeR,0,0.07,VCVCVC,a-sy-Ras
amenaZ,VeR,0.02,0.07,VCVCVC,a-me-naZ
@boSaZ,NOM,0,0.07,VCVCVC,@-bo-SaZ
afadiR,VeR,0,0.14,VCVCVC,a-fa-diR
5valid,NOM,0.62,0.54,VCVCVC,5-va-lid
aRog@s,NOM,3.92,3.85,VCVCVC,a-Ro-g@s
ak*dyk,NOM,0.23,0.81,VCVCVC,a-k*-dyk
ev@Zil,NOM,1.17,6.69,VCVCVC,e-v@-Zil
@paket,VeR,0.03,0.2,VCVCVC,@-pa-ket
aRetam,VeR,0.01,1.22,VCVCVC,a-Re-tam
opeRet,NOM,0.54,3.11,VCVCVC,o-pe-Ret
edetik,ADJ,0.02,0,VCVCVC,e-de-tik
5besil,NOM,35.01,20.47,VCVCVC,5-be-sil
aS*t9R,NOM,2.5,2.16,VCVCVC,a-S*-t9R
elag9R,NOM,0.01,0.14,VCVCVC,e-la-g9R
omisid,ADJ,0.22,0.14,VCVCVC,o-mi-sid
@kikin,VeR,0.2,0.34,VCVCVC,@-ki-kin
iRoniz,VeR,0.01,0.34,VCVCVC,i-Ro-niz
@tim6d,ADJ,0,0.07,VCVCVC,@-ti-m6d
@Z@beR,VeR,0,0.34,VCVCVC,@-Z@-beR
@tiSeR,VeR,0,0.2,VCVCVC,@-ti-SeR
epil2z,NOM,0,0.07,VCVCVC,e-pi-l2z
av@pOR,NOM,0,0.07,VCVCVC,a-v@-pOR
@tasam,VeR,0,0.07,VCVCVC,@-ta-sam
inegal,ADJ,0.29,1.69,VCVCVC,i-ne-gal
efemeR,NOM,0.02,1.42,VCVCVC,e-fe-meR
akelem,NOM,0,0.95,VCVCVC,a-ke-lem
5fam@t,ADJ,0.01,0.27,VCVCVC,5-fa-m@t
etalaZ,NOM,1.95,7.64,VCVCVC,e-ta-laZ
5vitam,VeR,0,0.14,VCVCVC,5-vi-tam
eSapam,VeR,0,0.07,VCVCVC,e-Sa-pam
ap*niG,NOM,0.02,0.14,VCVCVC,a-p*-niG
anemOn,NOM,0.05,0.68,VCVCVC,a-ne-mOn
inymen,ADJ,0.45,0.74,VCVCVC,i-ny-men
aditif,ADJ,0.01,0,VCVCVC,a-di-tif
ytiliz,VeR,8,1.49,VCVCVC,y-ti-liz
apaRys,VeR,0,0.14,VCVCVC,a-pa-Rys
@tim6d,NOM,0,0.07,VCVCVC,@-ti-m6d
atakam,VeR,0,0.07,VCVCVC,a-ta-kam
5pyd9R,NOM,0,0.14,VCVCVC,5-py-d9R
5des@t,ADJ,0.6,1.96,VCVCVC,5-de-s@t
amuRaS,VeR,0.02,0.07,VCVCVC,a-mu-RaS
5fidel,NOM,1.25,1.49,VCVCVC,5-fi-del
efaRuS,VeR,0.29,0.61,VCVCVC,e-fa-RuS
aveReR,VeR,0.04,0.14,VCVCVC,a-ve-ReR
otonal,ADJ,0.11,1.08,VCVCVC,o-to-nal
av@bek,NOM,0.01,0,VCVCVC,a-v@-bek
@Z*vin,ADJ,0,0.07,VCVCVC,@-Z*-vin
@Zelik,NOM,0.02,0,VCVCVC,@-Ze-lik
of@siv,NOM,2.91,11.96,VCVCVC,o-f@-siv
asom@t,ADJ,0.26,0.47,VCVCVC,a-so-m@t
ab6das,VeR,0,0.07,VCVCVC,a-b6-das
@g2lad,NOM,0.52,1.42,VCVCVC,@-g2-lad
at*laZ,NOM,0.1,1.55,VCVCVC,a-t*-laZ
abyzeR,VeR,0,0.07,VCVCVC,a-by-zeR
adusis,VeR,0.02,0.34,VCVCVC,a-du-sis
et@dim,VeR,0,0.07,VCVCVC,e-t@-dim
anabaz,NOM,0,0.14,VCVCVC,a-na-baz
esoRaZ,NOM,0.11,0.2,VCVCVC,e-so-RaZ
eR5t9R,NOM,0.01,0,VCVCVC,e-R5-t9R
@tiSaR,ADJ,0.07,0.2,VCVCVC,@-ti-SaR
asimil,VeR,0,0.14,VCVCVC,a-si-mil
anonim,NOM,0.3,0.61,VCVCVC,a-no-nim
@tiZen,NOM,0.17,0.07,VCVCVC,@-ti-Zen
5fek6d,ADJ,0.14,0.2,VCVCVC,5-fe-k6d
@daluz,ADJ,0,0.61,VCVCVC,@-da-luz
av@goS,ADJ,0.1,0,VCVCVC,a-v@-goS
adip2z,ADJ,0.1,0.07,VCVCVC,a-di-p2z
ateRiR,VeR,10.84,3.04,VCVCVC,a-te-RiR
@tonim,NOM,0,0.07,VCVCVC,@-to-nim
ipotop,NOM,0,0.07,VCVCVC,i-po-top
eboSeR,VeR,0,0.27,VCVCVC,e-bo-SeR
ekosez,NOM,0.07,0.54,VCVCVC,e-ko-sez
amaR@t,ADJ,0,0.54,VCVCVC,a-ma-R@t
afaleR,VeR,0,0.14,VCVCVC,a-fa-leR
akomOd,VeR,0.13,0.34,VCVCVC,a-ko-mOd
alym2z,NOM,0.09,0.2,VCVCVC,a-ly-m2z
epinet,NOM,0.01,0.14,VCVCVC,e-pi-net
epat@t,ADJ,1.31,1.28,VCVCVC,e-pa-t@t
avokat,NOM,0.1,0,VCVCVC,a-vo-kat
@byl@s,NOM,1.61,2.43,VCVCVC,@-by-l@s
eS*lOn,VeR,0.01,0.14,VCVCVC,e-S*-lOn
as@d@s,NOM,0.24,1.89,VCVCVC,a-s@-d@s
ebuleR,VeR,0,0.07,VCVCVC,e-bu-leR
atonal,ADJ,0,0.07,VCVCVC,a-to-nal
@tib6b,NOM,0.09,0,VCVCVC,@-ti-b6b
5fam@t,ADJ,0.15,0.74,VCVCVC,5-fa-m@t
adeR@s,NOM,0.06,0.14,VCVCVC,a-de-R@s
akomOd,VeR,0.78,1.96,VCVCVC,a-ko-mOd
@p*zaZ,NOM,0.01,0.07,VCVCVC,@-p*-zaZ
aS*min,VeR,0.01,0.61,VCVCVC,a-S*-min
agiS@t,ADJ,0.03,0.2,VCVCVC,a-gi-S@t
epolaR,NOM,0.03,0,VCVCVC,e-po-laR
av@kuR,NOM,0,0.07,VCVCVC,a-v@-kuR
agoniz,VeR,0.45,1.08,VCVCVC,a-go-niz
oZival,ADJ,0,0.41,VCVCVC,o-Zi-val
omisid,NOM,1.77,0,VCVCVC,o-mi-sid
emeRit,ADJ,0.8,0.14,VCVCVC,e-me-Rit
5sid@t,ADJ,0,0.14,VCVCVC,5-si-d@t
@paReR,VeR,0.16,0.54,VCVCVC,@-pa-ReR
5pytas,VeR,0.01,0,VCVCVC,5-py-tas
ipeRit,NOM,0,0.14,VCVCVC,i-pe-Rit
elimin,VeR,4,1.01,VCVCVC,e-li-min
abyzif,ADJ,0.37,0.61,VCVCVC,a-by-zif
etalOn,VeR,0,0.07,VCVCVC,e-ta-lOn
aRozeR,VeR,0.01,0.14,VCVCVC,a-Ro-zeR
aval@S,NOM,0.86,0.81,VCVCVC,a-va-l@S
oposOm,NOM,0.12,0,VCVCVC,o-po-sOm
ebul2z,ADJ,0,0.07,VCVCVC,e-bu-l2z
ominyt,NOM,0.01,0,VCVCVC,o-mi-nyt
avanez,NOM,0.01,0,VCVCVC,a-va-nez
imaZ9R,NOM,0.01,0,VCVCVC,i-ma-Z9R
aR@Z@t,ADJ,0,0.14,VCVCVC,a-R@-Z@t
iNoR@t,NOM,0.33,0.41,VCVCVC,i-No-R@t
efemeR,ADJ,1.33,5.74,VCVCVC,e-fe-meR
abeseR,VeR,0,0.41,VCVCVC,a-be-seR
epifiz,NOM,0.16,0,VCVCVC,e-pi-fiz
atelan,NOM,0,0.07,VCVCVC,a-te-lan
@Z*vin,NOM,0,0.07,VCVCVC,@-Z*-vin
9Rikan,NOM,0.05,0.07,VCVCVC,9-Ri-kan
efemeR,ADJ,0.41,3.45,VCVCVC,e-fe-meR
@tipyb,NOM,0,0.07,VCVCVC,@-ti-pyb
efilyR,NOM,0,0.07,VCVCVC,e-fi-lyR
ev@teR,NOM,0.25,1.22,VCVCVC,e-v@-teR
amyz@t,ADJ,2.34,3.11,VCVCVC,a-my-z@t
ekOtOn,NOM,0.01,0,VCVCVC,e-kO-tOn
iNoR@s,NOM,6.54,16.35,VCVCVC,i-No-R@s
2foRik,ADJ,0.56,1.22,VCVCVC,2-fo-Rik
inos@t,NOM,0.57,0.54,VCVCVC,i-no-s@t
alyzif,ADJ,0,0.2,VCVCVC,a-ly-zif
olivet,NOM,0,0.61,VCVCVC,o-li-vet
@balaZ,NOM,3.23,4.39,VCVCVC,@-ba-laZ
5v@t9R,NOM,2.91,1.76,VCVCVC,5-v@-t9R
ekym2z,NOM,0,0.07,VCVCVC,e-ky-m2z
eziteR,VeR,0,0.95,VCVCVC,e-zi-teR
eSafod,VeR,0.02,0.2,VCVCVC,e-Sa-fod
av*n@t,ADJ,0,0.61,VCVCVC,a-v*-n@t
atiR@s,NOM,0.01,0.14,VCVCVC,a-ti-R@s
etaleR,VeR,0,0.54,VCVCVC,e-ta-leR
@tiR9s,ADJ,0,0.07,VCVCVC,@-ti-R9s
@selyR,NOM,0.14,0.07,VCVCVC,@-se-lyR
evazif,ADJ,0.05,0.41,VCVCVC,e-va-zif
@doRan,ADJ,0,0.07,VCVCVC,@-do-Ran
@RiSis,VeR,0.28,0.14,VCVCVC,@-Ri-Sis
@teR9R,NOM,0,0.07,VCVCVC,@-te-R9R
5syleR,ADJ,0.06,0.2,VCVCVC,5-sy-leR
@gyleR,ADJ,0.05,0.14,VCVCVC,@-gy-leR
edenik,ADJ,0.1,0.14,VCVCVC,e-de-nik
asom9R,NOM,0.01,0.14,VCVCVC,a-so-m9R
aRaSid,NOM,0.26,0.34,VCVCVC,a-Ra-Sid
5desiz,ADJ,0.35,3.58,VCVCVC,5-de-siz
@tipap,NOM,0.11,0.07,VCVCVC,@-ti-pap
Olivin,NOM,0.05,0,VCVCVC,O-li-vin
5teR6p,VeR,0.03,0,VCVCVC,5-te-R6p
@Zelik,ADJ,0.41,3.85,VCVCVC,@-Ze-lik
omonim,NOM,0.21,0.47,VCVCVC,o-mo-nim
aR@ZeR,VeR,0.01,0.34,VCVCVC,a-R@-ZeR
atak@t,NOM,0.01,0,VCVCVC,a-ta-k@t
abutis,VeR,0.08,0.41,VCVCVC,a-bu-tis
aRaSaZ,NOM,0.1,0.27,VCVCVC,a-Ra-SaZ
@paket,VeR,0,0.07,VCVCVC,@-pa-ket
analOg,ADJ,0.16,2.16,VCVCVC,a-na-lOg
emuseR,VeR,0,0.07,VCVCVC,e-mu-seR
aRabik,ADJ,0.05,0.27,VCVCVC,a-Ra-bik
@tivOl,NOM,0.3,0.14,VCVCVC,@-ti-vOl
adezif,ADJ,0.73,0.47,VCVCVC,a-de-zif
eRetik,NOM,2.08,2.77,VCVCVC,e-Re-tik
5sipid,ADJ,0.34,1.22,VCVCVC,5-si-pid
iNOReR,VeR,0,0.2,VCVCVC,i-NO-ReR
otoman,NOM,0.01,0.27,VCVCVC,o-to-man
adezif,NOM,0.7,0.14,VCVCVC,a-de-zif
@teRit,NOM,0.01,0.14,VCVCVC,@-te-Rit
ekuleR,VeR,0.04,1.89,VCVCVC,e-ku-leR
inov@t,ADJ,0.03,0,VCVCVC,i-no-v@t
5des@s,NOM,0,0.2,VCVCVC,5-de-s@s
@tonim,NOM,0,0.07,VCVCVC,@-to-nim
ilisit,ADJ,0.44,0.74,VCVCVC,i-li-sit
epitOZ,NOM,0,0.14,VCVCVC,e-pi-tOZ
opinel,NOM,0,1.15,VCVCVC,o-pi-nel
adenin,NOM,0.01,0,VCVCVC,a-de-nin
alym9R,NOM,0.32,0.14,VCVCVC,a-ly-m9R
eRotik,ADJ,3.04,5.95,VCVCVC,e-Ro-tik
@dos9R,NOM,0,0.07,VCVCVC,@-do-s9R
yteRys,NOM,2.88,0.68,VCVCVC,y-te-Rys
@seReR,VeR,0,0.07,VCVCVC,@-se-ReR
5pydik,ADJ,0.03,0.81,VCVCVC,5-py-dik
evazif,ADJ,0.35,3.31,VCVCVC,e-va-zif
ytiliz,VeR,3.8,0.2,VCVCVC,y-ti-liz
yzaZeR,NOM,0,0.07,VCVCVC,y-za-ZeR
etiket,VeR,0.01,0,VCVCVC,e-ti-ket
5diZen,NOM,2.85,4.19,VCVCVC,5-di-Zen
at*n@t,ADJ,0.09,1.35,VCVCVC,a-t*-n@t
aRiveR,VeR,1.36,12.57,VCVCVC,a-Ri-veR
@ledis,VeR,0.14,0,VCVCVC,@-le-dis
aval9R,NOM,0.03,0.2,VCVCVC,a-va-l9R
apet@s,NOM,0,0.07,VCVCVC,a-pe-t@s
imin@t,ADJ,0.17,0.41,VCVCVC,i-mi-n@t
@toneR,VeR,0,0.27,VCVCVC,@-to-neR
inos@t,NOM,3.3,2.64,VCVCVC,i-no-s@t
at*n@t,ADJ,0.26,0.14,VCVCVC,a-t*-n@t
eton@t,ADJ,2.95,10.47,VCVCVC,e-to-n@t
epifil,NOM,0,0.07,VCVCVC,e-pi-fil
5sid@s,NOM,0.14,0.54,VCVCVC,5-si-d@s
epitet,NOM,0.12,0.88,VCVCVC,e-pi-tet
alet@t,ADJ,0.01,0,VCVCVC,a-le-t@t
ekym9R,NOM,0.27,0.2,VCVCVC,e-ky-m9R
akymen,NOM,0,0.07,VCVCVC,a-ky-men
ab@dOn,VeR,4.13,0.14,VCVCVC,a-b@-dOn
evadeR,VeR,0.17,0.07,VCVCVC,e-va-deR
omolOg,ADJ,0.01,0,VCVCVC,o-mo-lOg
amikal,ADJ,4.26,11.22,VCVCVC,a-mi-kal
epuset,VeR,0.01,0.07,VCVCVC,e-pu-set
amikal,NOM,0,0.07,VCVCVC,a-mi-kal
5sid@t,ADJ,0,0.14,VCVCVC,5-si-d@t
iNoR@t,ADJ,0.15,0.41,VCVCVC,i-No-R@t
am*sOn,VeR,0,0.07,VCVCVC,a-m*-sOn
ebuRif,VeR,0,0.2,VCVCVC,e-bu-Rif
im6dis,NOM,0.02,0.14,VCVCVC,i-m6-dis
6dyl2z,ADJ,0,0.34,VCVCVC,6-dy-l2z
koRoneR,ADJ,0.25,0.14,CVCVCVC,ko-Ro-neR
maNityd,NOM,0.25,0,CVCVCVC,ma-Ni-tyd
vatisin,VeR,0,0.07,CVCVCVC,va-ti-sin
katolik,NOM,2.71,8.04,CVCVCVC,ka-to-lik
Rek6p@s,NOM,1.27,1.42,CVCVCVC,Re-k6-p@s
R*l*v9R,ADJ,0,0.07,CVCVCVC,R*-l*-v9R
fenomen,NOM,8.62,10.81,CVCVCVC,fe-no-men
soloNOt,ADJ,0,0.07,CVCVCVC,so-lo-NOt
m5t*n@s,NOM,3.89,0.14,CVCVCVC,m5-t*-n@s
k@paNOl,NOM,0.03,0.27,CVCVCVC,k@-pa-NOl
deR@Z@t,ADJ,0.14,0.41,CVCVCVC,de-R@-Z@t
toRasik,ADJ,1.89,1.42,CVCVCVC,to-Ra-sik
R*t@tiR,VeR,0.27,3.58,CVCVCVC,R*-t@-tiR
RiSisim,NOM,0.25,0.14,CVCVCVC,Ri-Si-sim
Rigol9R,ADJ,0,0.07,CVCVCVC,Ri-go-l9R
mam*luk,NOM,0,0.81,CVCVCVC,ma-m*-luk
R*konys,VeR,0,0.07,CVCVCVC,R*-ko-nys
dekupaZ,NOM,0.4,0.34,CVCVCVC,de-ku-paZ
giNolad,NOM,0,0.14,CVCVCVC,gi-No-lad
defil@t,ADJ,0,0.07,CVCVCVC,de-fi-l@t
v*nim2z,ADJ,0.32,0.34,CVCVCVC,v*-ni-m2z
limon2z,ADJ,0.01,0.27,CVCVCVC,li-mo-n2z
temeReR,ADJ,0.34,0.54,CVCVCVC,te-me-ReR
ZiR@dOl,NOM,0,0.68,CVCVCVC,Zi-R@-dOl
meRinos,NOM,0.01,0.27,CVCVCVC,me-Ri-nos
dolomit,NOM,0.08,0,CVCVCVC,do-lo-mit
ZyRasik,ADJ,0.01,0,CVCVCVC,Zy-Ra-sik
def@d9R,NOM,0.43,0,CVCVCVC,de-f@-d9R
famelik,ADJ,0.17,1.15,CVCVCVC,fa-me-lik
s5bolik,ADJ,0.12,1.62,CVCVCVC,s5-bo-lik
malabil,ADJ,0.13,2.23,CVCVCVC,ma-la-bil
semafOR,NOM,0.03,0.41,CVCVCVC,se-ma-fOR
R*des@d,VeR,0.12,0,CVCVCVC,R*-de-s@d
k6pyt9R,NOM,0.01,0.07,CVCVCVC,k6-py-t9R
R*butOn,VeR,0.06,0.2,CVCVCVC,R*-bu-tOn
savuR2z,ADJ,0.11,0.68,CVCVCVC,sa-vu-R2z
kam*lOt,NOM,0,0.34,CVCVCVC,ka-m*-lOt
dekylOt,VeR,0.15,0.27,CVCVCVC,de-ky-lOt
benis9R,ADJ,0,0.34,CVCVCVC,be-ni-s9R
R*m6teR,VeR,0.01,3.85,CVCVCVC,R*-m6-teR
S@d*l9R,NOM,0.52,0.47,CVCVCVC,S@-d*-l9R
Zenosid,NOM,1.18,0.81,CVCVCVC,Ze-no-sid
gomenOl,NOM,0,0.07,CVCVCVC,go-me-nOl
seminom,NOM,0.01,0,CVCVCVC,se-mi-nom
kalomel,NOM,0.01,0.2,CVCVCVC,ka-lo-mel
Zakas9R,NOM,0,0.07,CVCVCVC,Za-ka-s9R
dedikas,VeR,0.54,0.07,CVCVCVC,de-di-kas
sigaRet,NOM,26.35,37.36,CVCVCVC,si-ga-Ret
pasifik,ADJ,1.1,1.15,CVCVCVC,pa-si-fik
kapityl,VeR,0.28,0.14,CVCVCVC,ka-pi-tyl
veZetal,ADJ,0.03,0.95,CVCVCVC,ve-Ze-tal
maladiv,ADJ,0.53,2.84,CVCVCVC,ma-la-div
bikolOR,ADJ,0.14,0.2,CVCVCVC,bi-ko-lOR
p*tites,NOM,0.01,0.34,CVCVCVC,p*-ti-tes
n2Rinom,NOM,0.01,0,CVCVCVC,n2-Ri-nom
metafOR,NOM,4.04,1.89,CVCVCVC,me-ta-fOR
fetiS9R,NOM,0,0.2,CVCVCVC,fe-ti-S9R
Remulad,NOM,0.02,0.2,CVCVCVC,Re-mu-lad
zelat9R,NOM,0,0.34,CVCVCVC,ze-la-t9R
labiR5t,NOM,4.9,7.03,CVCVCVC,la-bi-R5t
papilom,NOM,0.01,0.14,CVCVCVC,pa-pi-lom
Sof*Ret,NOM,0,0.14,CVCVCVC,So-f*-Ret
ped*nOn,NOM,0,0.41,CVCVCVC,pe-d*-nOn
balotin,NOM,0,0.07,CVCVCVC,ba-lo-tin
filoSaR,NOM,0.05,0.2,CVCVCVC,fi-lo-SaR
belik2z,ADJ,0.06,0.81,CVCVCVC,be-li-k2z
def@siv,ADJ,0.57,0.27,CVCVCVC,de-f@-siv
ZiR6din,ADJ,0,0.07,CVCVCVC,Zi-R6-din
babifut,NOM,0.55,0.74,CVCVCVC,ba-bi-fut
liteReR,NOM,0.15,0.41,CVCVCVC,li-te-ReR
m@ganez,NOM,0.23,0.07,CVCVCVC,m@-ga-nez
fatig@t,ADJ,0.31,0.27,CVCVCVC,fa-ti-g@t
nymeROt,VeR,0.01,0.07,CVCVCVC,ny-me-ROt
R*laSeR,VeR,0.01,0.54,CVCVCVC,R*-la-SeR
kumaRin,NOM,0.01,0,CVCVCVC,ku-ma-Rin
nuRityR,NOM,44.59,25.74,CVCVCVC,nu-Ri-tyR
gazodyk,NOM,0.22,0,CVCVCVC,ga-zo-dyk
S*valin,ADJ,0.14,1.01,CVCVCVC,S*-va-lin
viseRal,ADJ,0.01,0.07,CVCVCVC,vi-se-Ral
Rotativ,NOM,0.07,0.95,CVCVCVC,Ro-ta-tiv
komynal,ADJ,0.03,0.41,CVCVCVC,ko-my-nal
R*fyzeR,VeR,0.05,1.76,CVCVCVC,R*-fy-zeR
RetoRik,NOM,0.01,0,CVCVCVC,Re-to-Rik
paRabOl,NOM,1.78,1.96,CVCVCVC,pa-Ra-bOl
taboRit,NOM,0,0.07,CVCVCVC,ta-bo-Rit
R*p@t@t,ADJ,0.02,0.41,CVCVCVC,R*-p@-t@t
p*lot9R,NOM,0.01,0.14,CVCVCVC,p*-lo-t9R
t@poRal,ADJ,0.01,0.14,CVCVCVC,t@-po-Ral
benefik,ADJ,0.18,0.41,CVCVCVC,be-ne-fik
bal@sin,NOM,0,0.07,CVCVCVC,ba-l@-sin
paR@tel,NOM,0.11,0.27,CVCVCVC,pa-R@-tel
batop6p,NOM,0,0.07,CVCVCVC,ba-to-p6p
Rakol9R,ADJ,0.15,0.2,CVCVCVC,Ra-ko-l9R
Reman@t,ADJ,0,0.14,CVCVCVC,Re-ma-n@t
dek@t9R,NOM,0.01,0,CVCVCVC,de-k@-t9R
k6t5Z@s,NOM,0.06,0.27,CVCVCVC,k6-t5-Z@s
tafanaR,NOM,0,0.2,CVCVCVC,ta-fa-naR
sedyleR,ADJ,0,0.14,CVCVCVC,se-dy-leR
galeZad,NOM,0.28,0.34,CVCVCVC,ga-le-Zad
kamizaR,NOM,0,0.07,CVCVCVC,ka-mi-zaR
milit@t,ADJ,0.19,1.22,CVCVCVC,mi-li-t@t
kokilis,NOM,0,0.07,CVCVCVC,ko-ki-lis
linotip,NOM,0,0.27,CVCVCVC,li-no-tip
demaReR,VeR,0,0.27,CVCVCVC,de-ma-ReR
koRanik,ADJ,0.16,0.2,CVCVCVC,ko-Ra-nik
RikeRak,ADV,0,0.61,CVCVCVC,Ri-ke-Rak
difeR@t,ADJ,23.25,23.65,CVCVCVC,di-fe-R@t
mysilaZ,NOM,0.01,0,CVCVCVC,my-si-laZ
ReziNeR,VeR,0,0.14,CVCVCVC,Re-zi-NeR
degeneR,VeR,0,0.07,CVCVCVC,de-ge-neR
SaRolez,NOM,0,0.07,CVCVCVC,Sa-Ro-lez
RuZis@t,ADJ,0.02,0.14,CVCVCVC,Ru-Zi-s@t
kybital,ADJ,0.01,0,CVCVCVC,ky-bi-tal
diliZ@s,NOM,3.25,2.36,CVCVCVC,di-li-Z@s
botanik,ADJ,0.17,0.27,CVCVCVC,bo-ta-nik
koRonal,ADJ,0.04,0,CVCVCVC,ko-Ro-nal
koRidOR,NOM,1.51,9.86,CVCVCVC,ko-Ri-dOR
d2mipaZ,NOM,0.05,0.41,CVCVCVC,d2-mi-paZ
Resital,NOM,0.08,0.61,CVCVCVC,Re-si-tal
n2Ronal,ADJ,0.14,0,CVCVCVC,n2-Ro-nal
R*pas2z,NOM,0,0.2,CVCVCVC,R*-pa-s2z
R*negat,NOM,0.15,0.14,CVCVCVC,R*-ne-gat
R*kuveR,ADJ,0.31,0.68,CVCVCVC,R*-ku-veR
sinonim,ADJ,0.84,1.08,CVCVCVC,si-no-nim
dekupyR,NOM,0,0.68,CVCVCVC,de-ku-pyR
seminOl,ADJ,0,0.07,CVCVCVC,se-mi-nOl
R*vigOR,VeR,0,0.07,CVCVCVC,R*-vi-gOR
demyniR,VeR,0.01,0.14,CVCVCVC,de-my-niR
Rezon@s,NOM,0.69,3.72,CVCVCVC,Re-zo-n@s
SaR@tez,ADJ,0,0.07,CVCVCVC,Sa-R@-tez
ZemeleR,ADJ,0,0.34,CVCVCVC,Ze-me-leR
ZeneRik,ADJ,0.37,0.34,CVCVCVC,Ze-ne-Rik
finityd,NOM,0,0.2,CVCVCVC,fi-ni-tyd
defisel,VeR,0,0.07,CVCVCVC,de-fi-sel
Reman@s,NOM,0.01,0.2,CVCVCVC,Re-ma-n@s
miNonet,ADJ,0.1,0,CVCVCVC,mi-No-net
koS*maR,NOM,10.14,6.96,CVCVCVC,ko-S*-maR
ZelinOt,NOM,0,0.07,CVCVCVC,Ze-li-nOt
mal2R2z,ADJ,12.48,16.08,CVCVCVC,ma-l2-R2z
k6bat@t,ADJ,0.06,12.91,CVCVCVC,k6-ba-t@t
monogam,NOM,0,0.07,CVCVCVC,mo-no-gam
deteR9R,NOM,0.04,0,CVCVCVC,de-te-R9R
RabaSaZ,NOM,0,0.14,CVCVCVC,Ra-ba-SaZ
m@telyR,NOM,0,0.07,CVCVCVC,m@-te-lyR
fasin@t,ADJ,2.47,1.42,CVCVCVC,fa-si-n@t
vinilik,ADJ,0,0.07,CVCVCVC,vi-ni-lik
telefOn,VeR,2.07,0.68,CVCVCVC,te-le-fOn
RekypeR,VeR,1.28,0.2,CVCVCVC,Re-ky-peR
meloman,NOM,0.27,0.27,CVCVCVC,me-lo-man
R*likeR,NOM,0.28,0.68,CVCVCVC,R*-li-keR
Ridikyl,NOM,7.96,10.07,CVCVCVC,Ri-di-kyl
m@daRin,NOM,0.6,2.09,CVCVCVC,m@-da-Rin
deliRas,VeR,0,0.07,CVCVCVC,de-li-Ras
favoRiz,VeR,0.51,0.61,CVCVCVC,fa-vo-Riz
paR@tez,NOM,1,5.47,CVCVCVC,pa-R@-tez
miniZyp,NOM,0.06,0.2,CVCVCVC,mi-ni-Zyp
bag*nod,NOM,0,0.27,CVCVCVC,ba-g*-nod
myRis@t,ADJ,0.01,0.14,CVCVCVC,my-Ri-s@t
debitaZ,NOM,0,0.07,CVCVCVC,de-bi-taZ
p@danys,NOM,0,0.14,CVCVCVC,p@-da-nys
k6batif,ADJ,0.78,0.54,CVCVCVC,k6-ba-tif
manipyl,VeR,2.02,0.54,CVCVCVC,ma-ni-pyl
difeR@s,NOM,51.47,38.65,CVCVCVC,di-fe-R@s
monopOd,ADJ,0.01,0,CVCVCVC,mo-no-pOd
kapitOl,NOM,0.1,0.07,CVCVCVC,ka-pi-tOl
megatOn,NOM,0.35,0.14,CVCVCVC,me-ga-tOn
deR@Zas,VeR,0,0.07,CVCVCVC,de-R@-Zas
RabotaZ,NOM,0,0.14,CVCVCVC,Ra-bo-taZ
deleseR,VeR,0,0.14,CVCVCVC,de-le-seR
kolosal,ADJ,0.02,1.42,CVCVCVC,ko-lo-sal
sinefil,NOM,0.15,0.07,CVCVCVC,si-ne-fil
favoRiz,VeR,1.4,1.22,CVCVCVC,fa-vo-Riz
bigofOn,VeR,0.01,0,CVCVCVC,bi-go-fOn
RalymeR,VeR,0,0.14,CVCVCVC,Ra-ly-meR
veRidik,ADJ,0.16,0.54,CVCVCVC,ve-Ri-dik
degaZeR,VeR,0.03,0.27,CVCVCVC,de-ga-ZeR
negativ,ADJ,2.23,0.68,CVCVCVC,ne-ga-tiv
k6pozeR,VeR,0,0.14,CVCVCVC,k6-po-zeR
paRaSyt,VeR,0.01,0.14,CVCVCVC,pa-Ra-Syt
Rezon2z,ADJ,0,0.14,CVCVCVC,Re-zo-n2z
deSiket,VeR,0.14,0.27,CVCVCVC,de-Si-ket
sitozin,NOM,0.04,0,CVCVCVC,si-to-zin
posed@t,ADJ,0.21,0.2,CVCVCVC,po-se-d@t
desenal,ADJ,0.01,0.07,CVCVCVC,de-se-nal
nomadiz,VeR,0,0.07,CVCVCVC,no-ma-diz
fyn@byl,NOM,0.52,1.35,CVCVCVC,fy-n@-byl
RakolaZ,NOM,0,0.07,CVCVCVC,Ra-ko-laZ
sakaRin,NOM,0.09,0.54,CVCVCVC,sa-ka-Rin
kolabOR,VeR,0.11,0,CVCVCVC,ko-la-bOR
deSiket,VeR,0.04,0.14,CVCVCVC,de-Si-ket
nymeReR,NOM,0.01,0.27,CVCVCVC,ny-me-ReR
kolosal,ADJ,0.48,2.7,CVCVCVC,ko-lo-sal
lizimak,NOM,0.01,0,CVCVCVC,li-zi-mak
kaR*laZ,NOM,0.01,0.81,CVCVCVC,ka-R*-laZ
bagaR2z,ADJ,0.07,0.07,CVCVCVC,ba-ga-R2z
R6Son9R,NOM,0.02,0.07,CVCVCVC,R6-So-n9R
kamikaz,NOM,0.73,1.01,CVCVCVC,ka-mi-kaz
k6t*niR,VeR,4.81,9.86,CVCVCVC,k6-t*-niR
kamizOl,NOM,0.1,0.34,CVCVCVC,ka-mi-zOl
fyZitiv,ADJ,0.25,3.51,CVCVCVC,fy-Zi-tiv
suv*Ren,ADJ,1.54,5.14,CVCVCVC,su-v*-Ren
SySoteR,VeR,0,0.2,CVCVCVC,Sy-So-teR
degut@t,ADJ,0.01,0.07,CVCVCVC,de-gu-t@t
baRud9R,NOM,0.05,0.34,CVCVCVC,ba-Ru-d9R
lokat9R,NOM,0.01,0,CVCVCVC,lo-ka-t9R
RaRisim,ADJ,0.38,1.35,CVCVCVC,Ra-Ri-sim
s5tetiz,VeR,0.01,0,CVCVCVC,s5-te-tiz
senotaf,NOM,0.01,0.41,CVCVCVC,se-no-taf
nesesit,VeR,2.42,1.08,CVCVCVC,ne-se-sit
malonet,NOM,0.28,0.14,CVCVCVC,ma-lo-net
depov@t,NOM,0.03,0,CVCVCVC,de-po-v@t
siNatyR,NOM,1.92,1.76,CVCVCVC,si-Na-tyR
SipotaZ,NOM,0.02,0.07,CVCVCVC,Si-po-taZ
goSiz@t,ADJ,0,0.07,CVCVCVC,go-Si-z@t
matamOR,NOM,0.14,0.27,CVCVCVC,ma-ta-mOR
magazin,NOM,7.39,9.12,CVCVCVC,ma-ga-zin
pozitif,ADJ,9.69,3.99,CVCVCVC,po-zi-tif
dedeN2z,ADJ,0.01,0.41,CVCVCVC,de-de-N2z
Reviz9R,NOM,0.01,0,CVCVCVC,Re-vi-z9R
pofinaZ,NOM,0.01,0,CVCVCVC,po-fi-naZ
fagotaZ,NOM,0,0.07,CVCVCVC,fa-go-taZ
deSeneR,VeR,0,0.07,CVCVCVC,de-Se-neR
nesesit,VeR,0.4,0.34,CVCVCVC,ne-se-sit
RiSisim,ADJ,0.04,0.34,CVCVCVC,Ri-Si-sim
d*m9ReR,VeR,0,4.12,CVCVCVC,d*-m9-ReR
paRes2z,ADJ,2.08,3.65,CVCVCVC,pa-Re-s2z
depanaZ,NOM,1.17,1.01,CVCVCVC,de-pa-naZ
fofileR,VeR,0,0.2,CVCVCVC,fo-fi-leR
finis2z,NOM,0.01,0,CVCVCVC,fi-ni-s2z
tap*nad,NOM,0.02,0,CVCVCVC,ta-p*-nad
R*peSeR,VeR,0,0.07,CVCVCVC,R*-pe-SeR
tetaniz,VeR,0.01,0.07,CVCVCVC,te-ta-niz
RamoliR,VeR,0.53,0.27,CVCVCVC,Ra-mo-liR
dep*s9R,NOM,0,0.14,CVCVCVC,de-p*-s9R
somatik,ADJ,0.04,0.14,CVCVCVC,so-ma-tik
saniteR,NOM,0.1,0.14,CVCVCVC,sa-ni-teR
d@Z*R2z,ADJ,4.75,4.53,CVCVCVC,d@-Z*-R2z
sineRez,NOM,0,0.07,CVCVCVC,si-ne-Rez
disid@t,NOM,0,0.07,CVCVCVC,di-si-d@t
mineRal,ADJ,0.31,0.74,CVCVCVC,mi-ne-Ral
fonetik,ADJ,0.19,0.27,CVCVCVC,fo-ne-tik
favoRit,ADJ,1.92,3.45,CVCVCVC,fa-vo-Rit
sitadel,NOM,0,0.88,CVCVCVC,si-ta-del
pikadOR,NOM,0.01,0.07,CVCVCVC,pi-ka-dOR
viN*ROn,NOM,0.14,0,CVCVCVC,vi-N*-ROn
katafOt,NOM,0,0.14,CVCVCVC,ka-ta-fOt
v*nim2z,ADJ,0.77,0.74,CVCVCVC,v*-ni-m2z
demaRaZ,NOM,1.17,3.11,CVCVCVC,de-ma-RaZ
solilOk,VeR,0.01,0.34,CVCVCVC,so-li-lOk
v@piRiz,VeR,0.04,0.07,CVCVCVC,v@-pi-Riz
R*konys,VeR,0.01,0.07,CVCVCVC,R*-ko-nys
p2z@t9R,NOM,1.12,6.69,CVCVCVC,p2-z@-t9R
d*m9Ram,VeR,0,0.47,CVCVCVC,d*-m9-Ram
ligatyR,NOM,0.3,0.07,CVCVCVC,li-ga-tyR
SaRoNaR,NOM,0.48,1.62,CVCVCVC,Sa-Ro-NaR
vokalik,ADJ,0,0.07,CVCVCVC,vo-ka-lik
k6fiz2z,NOM,0.01,0,CVCVCVC,k6-fi-z2z
dinamik,ADJ,1.97,1.69,CVCVCVC,di-na-mik
d2vin9R,NOM,0.01,0,CVCVCVC,d2-vi-n9R
viRolOg,NOM,0.13,0,CVCVCVC,vi-Ro-lOg
saZital,ADJ,0.04,0,CVCVCVC,sa-Zi-tal
RamaseR,VeR,0.01,1.35,CVCVCVC,Ra-ma-seR
kolosal,ADJ,0.81,4.46,CVCVCVC,ko-lo-sal
Rek6p@s,VeR,0.16,0.07,CVCVCVC,Re-k6-p@s
n5foman,ADJ,0.03,0.14,CVCVCVC,n5-fo-man
ZiR6din,ADJ,0,0.07,CVCVCVC,Zi-R6-din
fis*leR,VeR,0,0.07,CVCVCVC,fi-s*-leR
f@faROn,NOM,0,0.07,CVCVCVC,f@-fa-ROn
pozitiv,ADJ,4.63,2.57,CVCVCVC,po-zi-tiv
kapityl,NOM,0.05,0,CVCVCVC,ka-pi-tyl
faRibOl,NOM,0,0.27,CVCVCVC,fa-Ri-bOl
sek@s9R,NOM,0.11,0,CVCVCVC,se-k@-s9R
d*mim6d,NOM,0.01,0.14,CVCVCVC,d*-mi-m6d
kopin9R,ADJ,0,0.07,CVCVCVC,ko-pi-n9R
kanibal,ADJ,0.58,0.27,CVCVCVC,ka-ni-bal
neseseR,NOM,0.07,0.34,CVCVCVC,ne-se-seR
manig@s,VeR,0.92,0.34,CVCVCVC,ma-ni-g@s
pasifik,ADJ,2.9,3.11,CVCVCVC,pa-si-fik
tybyl2z,ADJ,0,0.07,CVCVCVC,ty-by-l2z
nebyl2z,NOM,0.02,0,CVCVCVC,ne-by-l2z
luSebem,NOM,0,0.07,CVCVCVC,lu-Se-bem
politik,NOM,34.84,65.88,CVCVCVC,po-li-tik
RakolaZ,NOM,0.57,0.54,CVCVCVC,Ra-ko-laZ
libanez,ADJ,0.01,0.81,CVCVCVC,li-ba-nez
feminin,ADJ,0.98,3.92,CVCVCVC,fe-mi-nin
koleR2z,ADJ,0.32,0.54,CVCVCVC,ko-le-R2z
dekad@t,NOM,0.03,0,CVCVCVC,de-ka-d@t
kulipus,NOM,0.01,0,CVCVCVC,ku-li-pus
libelyl,NOM,1.07,2.16,CVCVCVC,li-be-lyl
badabum,ONO,0.12,0.74,CVCVCVC,ba-da-bum
l@sin@t,ADJ,0.01,0.95,CVCVCVC,l@-si-n@t
Rymin@t,ADJ,0.01,0.07,CVCVCVC,Ry-mi-n@t
pivoteR,VeR,0,0.14,CVCVCVC,pi-vo-teR
k6bativ,ADJ,0.07,0.81,CVCVCVC,k6-ba-tiv
padok9R,VeR,0,0.07,CVCVCVC,pa-do-k9R
Rakol2z,NOM,0.05,0,CVCVCVC,Ra-ko-l2z
malofaZ,NOM,0,0.07,CVCVCVC,ma-lo-faZ
RaZ9nis,VeR,0.03,0.14,CVCVCVC,Ra-Z9-nis
zenital,ADJ,0,0.07,CVCVCVC,ze-ni-tal
puRis@t,ADJ,0.04,0.47,CVCVCVC,pu-Ri-s@t
duluR2z,ADJ,1.23,3.24,CVCVCVC,du-lu-R2z
d*m@d9R,NOM,0.54,0.2,CVCVCVC,d*-m@-d9R
sezis@t,ADJ,0.04,0.2,CVCVCVC,se-zi-s@t
b5Zamin,NOM,0.44,0.27,CVCVCVC,b5-Za-min
dem6taZ,NOM,0,0.07,CVCVCVC,de-m6-taZ
Radikyl,NOM,0,0.07,CVCVCVC,Ra-di-kyl
dekuleR,VeR,0.01,0,CVCVCVC,de-ku-leR
Rakol9R,NOM,0.03,0.07,CVCVCVC,Ra-ko-l9R
pedikyR,NOM,0.05,0.07,CVCVCVC,pe-di-kyR
R*model,VeR,0,0.14,CVCVCVC,R*-mo-del
maRiZan,NOM,0.26,0.07,CVCVCVC,ma-Ri-Zan
sikof@t,NOM,0,0.07,CVCVCVC,si-ko-f@t
Rikan@t,ADJ,0,0.54,CVCVCVC,Ri-ka-n@t
limineR,ADJ,0.07,0,CVCVCVC,li-mi-neR
paRen2z,NOM,0,0.07,CVCVCVC,pa-Re-n2z
RaS*teR,VeR,0,0.07,CVCVCVC,Ra-S*-teR
definis,VeR,0.08,0.07,CVCVCVC,de-fi-nis
satelit,NOM,2.79,1.15,CVCVCVC,sa-te-lit
dilet@t,ADJ,0.02,0.14,CVCVCVC,di-le-t@t
n6fym9R,NOM,0.14,0,CVCVCVC,n6-fy-m9R
katodik,ADJ,0.01,0.14,CVCVCVC,ka-to-dik
kones2z,NOM,0.04,0.68,CVCVCVC,ko-ne-s2z
k6pozit,NOM,0.04,0,CVCVCVC,k6-po-zit
p*lyS2z,ADJ,0.03,0.54,CVCVCVC,p*-ly-S2z
supiReR,VeR,0,0.2,CVCVCVC,su-pi-ReR
vaZinal,ADJ,0.38,0.07,CVCVCVC,va-Zi-nal
sabot2z,NOM,0.01,0,CVCVCVC,sa-bo-t2z
vaz*lin,NOM,0.94,1.28,CVCVCVC,va-z*-lin
gabonez,ADJ,0,0.07,CVCVCVC,ga-bo-nez
sekotin,NOM,0,0.34,CVCVCVC,se-ko-tin
R*kom@s,VeR,1.72,2.36,CVCVCVC,R*-ko-m@s
kabotin,ADJ,0,0.14,CVCVCVC,ka-bo-tin
faRin2z,ADJ,0.03,0.14,CVCVCVC,fa-Ri-n2z
bal@saZ,NOM,0,0.14,CVCVCVC,ba-l@-saZ
puRis@t,ADJ,0.14,0.34,CVCVCVC,pu-Ri-s@t
palisad,NOM,0.05,2.23,CVCVCVC,pa-li-sad
teRatom,NOM,0.05,0,CVCVCVC,te-Ra-tom
Rabat2z,NOM,0.01,0,CVCVCVC,Ra-ba-t2z
kak*taZ,NOM,0.04,0.74,CVCVCVC,ka-k*-taZ
mad*len,NOM,0.37,0.95,CVCVCVC,ma-d*-len
satinet,NOM,0,0.41,CVCVCVC,sa-ti-net
balad9R,ADJ,0.1,0.07,CVCVCVC,ba-la-d9R
bal@sel,NOM,0.18,0.27,CVCVCVC,ba-l@-sel
mel@Z9R,NOM,0,0.07,CVCVCVC,me-l@-Z9R
sinagOg,NOM,0.57,0.54,CVCVCVC,si-na-gOg
kanaliz,VeR,0.01,0.2,CVCVCVC,ka-na-liz
Resysit,VeR,0.51,1.08,CVCVCVC,Re-sy-sit
goSiz@t,ADJ,0,0.07,CVCVCVC,go-Si-z@t
pedofil,NOM,0.39,0.14,CVCVCVC,pe-do-fil
miNonet,NOM,0.04,0.07,CVCVCVC,mi-No-net
Resit@t,NOM,0,0.07,CVCVCVC,Re-si-t@t
tiRaniz,VeR,0.03,0.14,CVCVCVC,ti-Ra-niz
minotoR,NOM,0.02,0.07,CVCVCVC,mi-no-toR
R*kylad,NOM,0,0.47,CVCVCVC,R*-ky-lad
moRaliz,VeR,0,0.14,CVCVCVC,mo-Ra-liz
lesefeR,NOM,0.01,0,CVCVCVC,le-se-feR
penit@s,NOM,0,0.95,CVCVCVC,pe-ni-t@s
paliSOn,ADJ,0,0.2,CVCVCVC,pa-li-SOn
malonet,ADJ,3.34,0.95,CVCVCVC,ma-lo-net
p@tomim,NOM,0.41,1.42,CVCVCVC,p@-to-mim
RizOpys,NOM,0.04,0,CVCVCVC,Ri-zO-pys
deziR2z,ADJ,0.35,1.96,CVCVCVC,de-zi-R2z
RaseRen,VeR,0,0.41,CVCVCVC,Ra-se-Ren
disimyl,VeR,0.02,0,CVCVCVC,di-si-myl
k2daR6d,NOM,0,0.07,CVCVCVC,k2-da-R6d
Rap*leR,VeR,0.01,1.01,CVCVCVC,Ra-p*-leR
dekup9R,NOM,0.15,0,CVCVCVC,de-ku-p9R
d*milyn,NOM,0.11,0.14,CVCVCVC,d*-mi-lyn
debuS9R,NOM,0.04,0.07,CVCVCVC,de-bu-S9R
ZeRikan,NOM,0.25,0.27,CVCVCVC,Ze-Ri-kan
divid@d,NOM,0.03,0.07,CVCVCVC,di-vi-d@d
kol6baZ,NOM,0,0.68,CVCVCVC,ko-l6-baZ
natyRel,ADJ,3.9,6.28,CVCVCVC,na-ty-Rel
SuSutaZ,NOM,0,0.14,CVCVCVC,Su-Su-taZ
tiRanik,ADJ,0.06,0.41,CVCVCVC,ti-Ra-nik
maReSal,NOM,0.14,0.07,CVCVCVC,ma-Re-Sal
meseN9R,NOM,0.5,0.14,CVCVCVC,me-se-N9R
sikomOR,NOM,0.04,0.74,CVCVCVC,si-ko-mOR
benefis,NOM,4.31,8.04,CVCVCVC,be-ne-fis
neseseR,ADJ,7.71,19.66,CVCVCVC,ne-se-seR
pen5syl,NOM,0.01,0.14,CVCVCVC,pe-n5-syl
byRotik,NOM,0.01,0,CVCVCVC,by-Ro-tik
pyRyl@t,ADJ,0.1,0.2,CVCVCVC,py-Ry-l@t
debilit,VeR,0,0.07,CVCVCVC,de-bi-lit
dison@s,NOM,0.14,0.2,CVCVCVC,di-so-n@s
deziNas,VeR,0,0.07,CVCVCVC,de-zi-Nas
dus*R2z,ADJ,0,0.47,CVCVCVC,du-s*-R2z
R@don2z,NOM,0.03,0,CVCVCVC,R@-do-n2z
naRativ,ADJ,0.07,0,CVCVCVC,na-Ra-tiv
toleR@t,ADJ,0.16,0.07,CVCVCVC,to-le-R@t
sevilan,NOM,0,0.2,CVCVCVC,se-vi-lan
favoRit,NOM,0.19,0.88,CVCVCVC,fa-vo-Rit
k6poz@t,ADJ,0.15,0.07,CVCVCVC,k6-po-z@t
R*kuveR,VeR,2.79,16.82,CVCVCVC,R*-ku-veR
kaR@bOl,VeR,0,0.07,CVCVCVC,ka-R@-bOl
kal*bas,NOM,0.11,0.95,CVCVCVC,ka-l*-bas
dokym@t,VeR,0,0.07,CVCVCVC,do-ky-m@t
bybonik,ADJ,0.25,0.07,CVCVCVC,by-bo-nik
R*tiReR,VeR,0.21,1.55,CVCVCVC,R*-ti-ReR
deSiket,VeR,0,0.07,CVCVCVC,de-Si-ket
kones9R,NOM,0.24,1.76,CVCVCVC,ko-ne-s9R
RibOt9R,NOM,0.01,0,CVCVCVC,Ri-bO-t9R
RezolyR,VeR,0,0.07,CVCVCVC,Re-zo-lyR
dekalOg,NOM,0.01,0.2,CVCVCVC,de-ka-lOg
RadotaZ,NOM,0.28,0.34,CVCVCVC,Ra-do-taZ
deposed,VeR,0.02,0,CVCVCVC,de-po-sed
balad2z,NOM,0.01,0.54,CVCVCVC,ba-la-d2z
paRaSyt,VeR,0.45,0.2,CVCVCVC,pa-Ra-Syt
m@dateR,ADJ,0.07,0.88,CVCVCVC,m@-da-teR
baloteR,VeR,0,0.07,CVCVCVC,ba-lo-teR
boloNez,NOM,0.08,0.14,CVCVCVC,bo-lo-Nez
d*mibOt,NOM,0,0.14,CVCVCVC,d*-mi-bOt
Rivaliz,VeR,0.1,0.41,CVCVCVC,Ri-va-liz
sot*Rel,NOM,1.63,1.62,CVCVCVC,so-t*-Rel
ReveR@d,ADJ,0.9,0.14,CVCVCVC,Re-ve-R@d
bal*Rin,NOM,1.23,1.22,CVCVCVC,ba-l*-Rin
m6tikyl,NOM,0.58,1.96,CVCVCVC,m6-ti-kyl
dekatiR,VeR,0,0.14,CVCVCVC,de-ka-tiR
lodanOm,NOM,0.45,0.2,CVCVCVC,lo-da-nOm
bagaR9R,NOM,0.08,0.34,CVCVCVC,ba-ga-R9R
patinet,NOM,0.01,0.2,CVCVCVC,pa-ti-net
fyZitif,NOM,1.96,1.69,CVCVCVC,fy-Zi-tif
R*peRaZ,NOM,0.14,0.27,CVCVCVC,R*-pe-RaZ
Retis@s,NOM,0.41,4.39,CVCVCVC,Re-ti-s@s
k@seR2z,ADJ,0.25,0.14,CVCVCVC,k@-se-R2z
k6Zygal,ADJ,2.08,3.18,CVCVCVC,k6-Zy-gal
peRonel,NOM,0.04,0.07,CVCVCVC,pe-Ro-nel
Rabat9R,NOM,0.45,0.95,CVCVCVC,Ra-ba-t9R
R*t@tiR,VeR,0,1.62,CVCVCVC,R*-t@-tiR
R*seReR,VeR,0,0.2,CVCVCVC,R*-se-ReR
kod*bek,NOM,0,0.14,CVCVCVC,ko-d*-bek
puponaZ,NOM,0.04,0.07,CVCVCVC,pu-po-naZ
bul*vaR,NOM,4.19,52.03,CVCVCVC,bu-l*-vaR
diviniz,VeR,0,0.14,CVCVCVC,di-vi-niz
valoRiz,VeR,0.19,0.27,CVCVCVC,va-lo-Riz
palatin,ADJ,0.01,0.07,CVCVCVC,pa-la-tin
paRabOl,NOM,0.12,0.61,CVCVCVC,pa-Ra-bOl
suv*Ren,ADJ,0.02,0.27,CVCVCVC,su-v*-Ren
bavas9R,ADJ,0.01,0,CVCVCVC,ba-va-s9R
kal*sif,NOM,0.02,0.14,CVCVCVC,ka-l*-sif
koRobOR,VeR,0.15,0.2,CVCVCVC,ko-Ro-bOR
Radot9R,ADJ,0.02,0,CVCVCVC,Ra-do-t9R
defisit,NOM,1.91,0.95,CVCVCVC,de-fi-sit
fyRibaR,ADJ,0.17,1.01,CVCVCVC,fy-Ri-baR
lodativ,ADJ,0,0.07,CVCVCVC,lo-da-tiv
p@t*l@t,ADJ,0.07,1.22,CVCVCVC,p@-t*-l@t
dekodaZ,NOM,0,0.14,CVCVCVC,de-ko-daZ
polisOn,NOM,0.01,0.07,CVCVCVC,po-li-sOn
Zenomik,NOM,0.04,0,CVCVCVC,Ze-no-mik
pybes@t,ADJ,0.01,0,CVCVCVC,py-be-s@t
panikyl,NOM,0,0.14,CVCVCVC,pa-ni-kyl
maRoken,NOM,0.01,0.07,CVCVCVC,ma-Ro-ken
s@t*neR,ADJ,0.54,1.28,CVCVCVC,s@-t*-neR
Rezin2z,ADJ,0.01,0.61,CVCVCVC,Re-zi-n2z
dedeN2z,ADJ,0,2.3,CVCVCVC,de-de-N2z
dinozoR,NOM,2.32,0.07,CVCVCVC,di-no-zoR
Ramon9R,NOM,0.03,0.14,CVCVCVC,Ra-mo-n9R
puRis9R,ADJ,0,0.07,CVCVCVC,pu-Ri-s9R
fOl*d5g,NOM,0.02,0,CVCVCVC,fO-l*-d5g
salikOl,ADJ,0,0.07,CVCVCVC,sa-li-kOl
baRikad,NOM,0.94,3.11,CVCVCVC,ba-Ri-kad
kones@s,NOM,36.6,55.81,CVCVCVC,ko-ne-s@s
pezasid,NOM,0,0.07,CVCVCVC,pe-za-sid
solanel,ADJ,0.19,1.35,CVCVCVC,so-la-nel
k*Rel9R,NOM,0,0.07,CVCVCVC,k*-Re-l9R
sideR@t,ADJ,0.03,0.14,CVCVCVC,si-de-R@t
syfok@t,ADJ,0.06,1.76,CVCVCVC,sy-fo-k@t
negativ,NOM,0.12,0.47,CVCVCVC,ne-ga-tiv
Ral@tiR,VeR,5.25,5.2,CVCVCVC,Ra-l@-tiR
m2zyRet,NOM,0.01,0,CVCVCVC,m2-zy-Ret
pikadOR,NOM,0,0.27,CVCVCVC,pi-ka-dOR
misaleR,NOM,0.01,0,CVCVCVC,mi-sa-leR
R*saseR,VeR,0.01,0,CVCVCVC,R*-sa-seR
limoneR,NOM,0,0.54,CVCVCVC,li-mo-neR
d*mitas,NOM,0.08,0.07,CVCVCVC,d*-mi-tas
kaz*mat,NOM,0.01,1.62,CVCVCVC,ka-z*-mat
sekanez,NOM,0,0.2,CVCVCVC,se-ka-nez
liteReR,ADJ,2.64,11.82,CVCVCVC,li-te-ReR
medikal,ADJ,10.41,3.85,CVCVCVC,me-di-kal
S*mizet,NOM,0.15,2.77,CVCVCVC,S*-mi-zet
bOtylik,ADJ,0.19,0,CVCVCVC,bO-ty-lik
f6dat9R,ADJ,0.47,0.34,CVCVCVC,f6-da-t9R
devid9R,NOM,0,0.07,CVCVCVC,de-vi-d9R
Zelatin,NOM,0,0.14,CVCVCVC,Ze-la-tin
def@diR,VeR,0.01,0.14,CVCVCVC,de-f@-diR
b@k*Rut,NOM,0.2,0.07,CVCVCVC,b@-k*-Rut
bib*ROn,VeR,0.01,0.2,CVCVCVC,bi-b*-ROn
b6binet,NOM,0,0.07,CVCVCVC,b6-bi-net
Ramon9R,NOM,0.08,0.74,CVCVCVC,Ra-mo-n9R
maRonit,ADJ,0,0.14,CVCVCVC,ma-Ro-nit
p2z@t9R,NOM,0,0.27,CVCVCVC,p2-z@-t9R
dekoleR,VeR,0,0.14,CVCVCVC,de-ko-leR
mediz@s,NOM,0.09,0.74,CVCVCVC,me-di-z@s
k@seR2z,NOM,0.03,0,CVCVCVC,k@-se-R2z
kOk*lyS,NOM,0.97,2.43,CVCVCVC,kO-k*-lyS
bisefal,ADJ,0,0.07,CVCVCVC,bi-se-fal
benis9R,ADJ,0,0.14,CVCVCVC,be-ni-s9R
R*v@SaR,NOM,0,0.27,CVCVCVC,R*-v@-SaR
telefOn,VeR,9.44,10.81,CVCVCVC,te-le-fOn
n6Sal@s,NOM,0.47,5,CVCVCVC,n6-Sa-l@s
finis@,ADJ,0.03,1.82,CVCVCV,fi-ni-s@
R*nome,VeR,0,0.27,CVCVCV,R*-no-me
takine,VeR,0.41,0.27,CVCVCV,ta-ki-ne
siN*Re,VeR,0.39,0.14,CVCVCV,si-N*-Re
vomis@,VeR,0.11,0.81,CVCVCV,vo-mi-s@
takine,VeR,0.28,0.2,CVCVCV,ta-ki-ne
betone,VeR,0,0.07,CVCVCV,be-to-ne
mitone,VeR,0.14,0.74,CVCVCV,mi-to-ne
bes*R6,VeR,0.19,0.14,CVCVCV,be-s*-R6
deS@te,VeR,0,0.14,CVCVCV,de-S@-te
denote,VeR,0,0.54,CVCVCV,de-no-te
maSone,VeR,0,0.2,CVCVCV,ma-So-ne
R*l@se,VeR,0,0.07,CVCVCV,R*-l@-se
balad5,NOM,0,0.68,CVCVCV,ba-la-d5
kal*p5,NOM,1,3.11,CVCVCV,ka-l*-p5
deg@te,VeR,0,0.07,CVCVCV,de-g@-te
deRide,VeR,0,0.2,CVCVCV,de-Ri-de
deR@Ze,VeR,2.38,1.62,CVCVCV,de-R@-Ze
d*m9Re,VeR,0.45,24.59,CVCVCV,d*-m9-Re
deboSe,VeR,0,0.07,CVCVCV,de-bo-Se
betone,VeR,0,0.07,CVCVCV,be-to-ne
gaRote,VeR,0.01,0.07,CVCVCV,ga-Ro-te
R@Z*Re,VeR,0.16,0,CVCVCV,R@-Z*-Re
deR@Ze,VeR,6.75,1.55,CVCVCV,de-R@-Ze
R*leRe,VeR,0,0.07,CVCVCV,R*-le-Re
difeR@,ADJ,65.42,27.43,CVCVCV,di-fe-R@
salyRa,VeR,0.3,0.07,CVCVCV,sa-ly-Ra
toleR@,ADJ,1.3,0.74,CVCVCV,to-le-R@
fis*le,VeR,0.05,0.81,CVCVCV,fi-s*-le
bidone,VeR,0,0.07,CVCVCV,bi-do-ne
k6v*ne,VeR,0.2,0.2,CVCVCV,k6-v*-ne
deRob@,VeR,0.05,1.22,CVCVCV,de-Ro-b@
k6paR@,ADJ,0,0.07,CVCVCV,k6-pa-R@
Ram@de,VeR,0.01,0,CVCVCV,Ra-m@-de
modyl@,VeR,0,0.34,CVCVCV,mo-dy-l@
k6bat@,VeR,1.43,2.97,CVCVCV,k6-ba-t@
t@peRa,NOM,0.1,0,CVCVCV,t@-pe-Ra
tas*Re,VeR,0.03,0.07,CVCVCV,ta-s*-Re
kOl*Re,VeR,0.1,0.14,CVCVCV,kO-l*-Re
defiRe,VeR,0.03,0,CVCVCV,de-fi-Re
deloZe,VeR,0.29,0.2,CVCVCV,de-lo-Ze
Reviz6,VeR,0.19,0,CVCVCV,Re-vi-z6
kutosi,NOM,0.01,0.07,CVCVCV,ku-to-si
deRula,VeR,0,0.14,CVCVCV,de-Ru-la
kuS*Ri,NOM,0.27,0.61,CVCVCV,ku-S*-Ri
S*mino,NOM,0.35,1.49,CVCVCV,S*-mi-no
fidysi,NOM,0.06,0,CVCVCV,fi-dy-si
S*mine,VeR,0.11,1.15,CVCVCV,S*-mi-ne
gaN*Ra,VeR,5.08,1.49,CVCVCV,ga-N*-Ra
R*paRy,VeR,0.32,2.64,CVCVCV,R*-pa-Ry
k6Zyge,VeR,0,0.2,CVCVCV,k6-Zy-ge
sepaRe,ADJ,1.11,1.28,CVCVCV,se-pa-Re
k6d@se,VeR,0,0.2,CVCVCV,k6-d@-se
negosi,VeR,2.49,0.68,CVCVCV,ne-go-si
baRat@,VeR,0,0.07,CVCVCV,ba-Ra-t@
dem@Se,VeR,0,0.07,CVCVCV,de-m@-Se
pyneze,VeR,0,0.14,CVCVCV,py-ne-ze
syfiz@,VeR,0.28,1.01,CVCVCV,sy-fi-z@
gazone,ADJ,0,0.14,CVCVCV,ga-zo-ne
desina,VeR,0,0.2,CVCVCV,de-si-na
deRive,VeR,0.06,1.55,CVCVCV,de-Ri-ve
faS*R6,VeR,0.01,0,CVCVCV,fa-S*-R6
Ral6Ze,VeR,0.07,0.27,CVCVCV,Ra-l6-Ze
debife,VeR,0,0.07,CVCVCV,de-bi-fe
kOk*b5,ADJ,0,0.34,CVCVCV,kO-k*-b5
debySe,NOM,0,0.07,CVCVCV,de-by-Se
det@dy,VeR,0.56,0.95,CVCVCV,de-t@-dy
R*peR@,VeR,0.02,0.47,CVCVCV,R*-pe-R@
lav@d5,NOM,0,0.07,CVCVCV,la-v@-d5
p5s*m@,NOM,0.18,3.65,CVCVCV,p5-s*-m@
koz*Re,VeR,0.25,0.14,CVCVCV,ko-z*-Re
pikote,VeR,0,0.07,CVCVCV,pi-ko-te
balote,ADJ,0,0.41,CVCVCV,ba-lo-te
peS*Re,VeR,0.04,0,CVCVCV,pe-S*-Re
R*myRe,VeR,0.19,0.14,CVCVCV,R*-my-Re
veZete,VeR,0.01,0.14,CVCVCV,ve-Ze-te
mulyRe,VeR,0,0.2,CVCVCV,mu-ly-Re
k6some,VeR,0.03,0.27,CVCVCV,k6-so-me
sulaZe,VeR,0.15,0,CVCVCV,su-la-Ze
R*mize,VeR,0.01,0.34,CVCVCV,R*-mi-ze
motive,VeR,0.04,0.07,CVCVCV,mo-ti-ve
k6siNe,ADJ,0.39,0,CVCVCV,k6-si-Ne
Ravine,VeR,0,0.14,CVCVCV,Ra-vi-ne
ReSof@,VeR,0.03,0.41,CVCVCV,Re-So-f@
ROt*Ra,VeR,0,0.07,CVCVCV,RO-t*-Ra
R*kopi,VeR,0.01,0.07,CVCVCV,R*-ko-pi
debyte,VeR,0.02,0,CVCVCV,de-by-te
dizyRi,NOM,0.01,0,CVCVCV,di-zy-Ri
b2don@,ADJ,0.14,1.01,CVCVCV,b2-do-n@
myRis@,ADJ,0,0.14,CVCVCV,my-Ri-s@
degome,VeR,0.34,0.27,CVCVCV,de-go-me
deside,VeR,2.04,11.08,CVCVCV,de-si-de
denyda,VeR,0,0.07,CVCVCV,de-ny-da
puRiRe,VeR,0.22,0,CVCVCV,pu-Ri-Re
dekasi,VeR,0.01,0.2,CVCVCV,de-ka-si
sytyR@,VeR,0,0.07,CVCVCV,sy-ty-R@
fet*R6,VeR,0.6,0.41,CVCVCV,fe-t*-R6
dezode,ADJ,0,0.07,CVCVCV,de-zo-de
k6t*Re,VeR,0.4,0.27,CVCVCV,k6-t*-Re
volov@,NOM,0.02,0.14,CVCVCV,vo-lo-v@
defini,VeR,0.35,0.2,CVCVCV,de-fi-ni
R*tuSe,VeR,0.22,0.14,CVCVCV,R*-tu-Se
bOt*Ra,VeR,0.05,0,CVCVCV,bO-t*-Ra
syRane,ADJ,0.01,0.47,CVCVCV,sy-Ra-ne
kOk*Ri,NOM,0.05,0,CVCVCV,kO-k*-Ri
kavale,VeR,0.23,1.08,CVCVCV,ka-va-le
S*mine,VeR,0.04,0,CVCVCV,S*-mi-ne
dyv*te,VeR,0,0.14,CVCVCV,dy-v*-te
R*z6Ze,VeR,0,0.14,CVCVCV,R*-z6-Ze
diZeR6,VeR,0,0.07,CVCVCV,di-Ze-R6
peRiR6,VeR,0.14,0.07,CVCVCV,pe-Ri-R6
s5kope,ADJ,0.01,0.14,CVCVCV,s5-ko-pe
vid*Ra,VeR,0.16,0.14,CVCVCV,vi-d*-Ra
t6b*Re,VeR,0.88,0.74,CVCVCV,t6-b*-Re
paRese,VeR,0.46,0.61,CVCVCV,pa-Re-se
k6ZyRe,ADJ,0,0.14,CVCVCV,k6-Zy-Re
t@pete,VeR,0,0.74,CVCVCV,t@-pe-te
diseke,VeR,0.01,0,CVCVCV,di-se-ke
deSene,ADJ,0.47,1.49,CVCVCV,de-Se-ne
sakaZe,VeR,0,0.14,CVCVCV,sa-ka-Ze
mefiRe,VeR,0.36,0.41,CVCVCV,me-fi-Re
piZono,NOM,0.23,0.07,CVCVCV,pi-Zo-no
gaR@ti,ADJ,0.25,0.61,CVCVCV,ga-R@-ti
k6s@g5,ADJ,0.02,0.14,CVCVCV,k6-s@-g5
Ram2te,VeR,0.07,0.14,CVCVCV,Ra-m2-te
k6baty,VeR,0.22,0.27,CVCVCV,k6-ba-ty
leS*Re,VeR,0.05,0,CVCVCV,le-S*-Re
kem@de,VeR,0.01,0.2,CVCVCV,ke-m@-de
l@s@Z5,NOM,0.02,0,CVCVCV,l@-s@-Z5
k6p@se,ADJ,0.01,0,CVCVCV,k6-p@-se
k6t*ny,VeR,1.11,3.58,CVCVCV,k6-t*-ny
kas*Re,VeR,1.58,0.74,CVCVCV,ka-s*-Re
fiNole,VeR,0.01,0.07,CVCVCV,fi-No-le
R*f*R6,VeR,0.3,0.07,CVCVCV,R*-f*-R6
mimut6,NOM,0,0.07,CVCVCV,mi-mu-t6
toleRe,VeR,0.58,2.3,CVCVCV,to-le-Re
sim@t@,VeR,0,0.07,CVCVCV,si-m@-t@
get*Re,VeR,0.01,0,CVCVCV,ge-t*-Re
deSene,VeR,0.13,0.2,CVCVCV,de-Se-ne
R*kupe,VeR,0.04,0,CVCVCV,R*-ku-pe
R*v@de,VeR,0.01,0.34,CVCVCV,R*-v@-de
ROm*Ri,NOM,0.03,0.14,CVCVCV,RO-m*-Ri
k6syme,VeR,0.01,0.47,CVCVCV,k6-sy-me
vOg*Ra,VeR,0.03,0.07,CVCVCV,vO-g*-Ra
R*peSe,VeR,0,0.07,CVCVCV,R*-pe-Se
libele,VeR,0.01,0.2,CVCVCV,li-be-le
k6paN6,NOM,7.79,28.85,CVCVCV,k6-pa-N6
dilate,VeR,0.11,0.2,CVCVCV,di-la-te
sal*m@,ADV,2.28,6.01,CVCVCV,sa-l*-m@
desele,VeR,0,0.14,CVCVCV,de-se-le
m*nase,ADJ,0.71,2.23,CVCVCV,m*-na-se
m@date,VeR,0.02,0,CVCVCV,m@-da-te
det@di,VeR,0,0.2,CVCVCV,de-t@-di
les*Ra,VeR,13.78,6.62,CVCVCV,le-s*-Ra
koloRe,VeR,0.16,1.55,CVCVCV,ko-lo-Re
sepaRe,VeR,0.01,0.14,CVCVCV,se-pa-Re
balote,VeR,0.02,0.41,CVCVCV,ba-lo-te
maRone,VeR,0.01,0,CVCVCV,ma-Ro-ne
paRen@,VeR,0.01,0.07,CVCVCV,pa-Re-n@
m*zyRe,VeR,0.16,0.95,CVCVCV,m*-zy-Re
Zet*Ra,VeR,0.31,0.14,CVCVCV,Ze-t*-Ra
butone,VeR,0,0.41,CVCVCV,bu-to-ne
sek@se,VeR,0.2,0,CVCVCV,se-k@-se
sul*v@,VeR,0.5,10.2,CVCVCV,su-l*-v@
R*pase,VeR,0.7,0.95,CVCVCV,R*-pa-se
Revase,VeR,0.2,0.61,CVCVCV,Re-va-se
likide,VeR,0.54,0.61,CVCVCV,li-ki-de
demode,ADJ,0.16,0.61,CVCVCV,de-mo-de
seR*Re,VeR,0.12,0.41,CVCVCV,se-R*-Re
seziRe,VeR,0.17,0.07,CVCVCV,se-zi-Re
R*lasa,VeR,0,0.07,CVCVCV,R*-la-sa
sideRe,ADJ,0,0.07,CVCVCV,si-de-Re
R*lege,VeR,0,0.34,CVCVCV,R*-le-ge
Revoke,VeR,0.08,0.27,CVCVCV,Re-vo-ke
paRes2,NOM,2.5,2.03,CVCVCV,pa-Re-s2
kones6,VeR,11.78,6.89,CVCVCV,ko-ne-s6
simyle,VeR,0.14,0.14,CVCVCV,si-my-le
deRive,ADJ,0.04,0.14,CVCVCV,de-Ri-ve
baR*Re,VeR,0.04,0.07,CVCVCV,ba-R*-Re
k@tone,VeR,0.02,0.34,CVCVCV,k@-to-ne
syRine,VeR,0.12,0,CVCVCV,sy-Ri-ne
filam@,NOM,0.29,0.27,CVCVCV,fi-la-m@
k6sede,VeR,0.1,0.2,CVCVCV,k6-se-de
kopyle,VeR,0.01,0.07,CVCVCV,ko-py-le
limas6,NOM,0.01,0.27,CVCVCV,li-ma-s6
leg*Re,VeR,0.01,0.2,CVCVCV,le-g*-Re
baRake,VeR,0.68,0.07,CVCVCV,ba-Ra-ke
koz*Ri,NOM,0.18,1.01,CVCVCV,ko-z*-Ri
nakaRa,NOM,0,0.2,CVCVCV,na-ka-Ra
patyRe,VeR,0.01,0,CVCVCV,pa-ty-Re
figyRe,VeR,1.43,7.3,CVCVCV,fi-gy-Re
Ranime,VeR,1.26,3.45,CVCVCV,Ra-ni-me
kan*t6,NOM,0.21,0.68,CVCVCV,ka-n*-t6
pis@li,NOM,0.68,1.28,CVCVCV,pi-s@-li
dekoRe,VeR,0,0.14,CVCVCV,de-ko-Re
Regala,VeR,0,0.07,CVCVCV,Re-ga-la
k6paNi,NOM,68.9,90.88,CVCVCV,k6-pa-Ni
k6keRa,VeR,0.11,0,CVCVCV,k6-ke-Ra
syk6be,VeR,0.02,0.61,CVCVCV,sy-k6-be
k6d@se,VeR,0,0.07,CVCVCV,k6-d@-se
sypoze,VeR,12.07,3.24,CVCVCV,sy-po-ze
pas*Re,VeR,7.09,12.36,CVCVCV,pa-s*-Re
kalifi,VeR,0.38,0.14,CVCVCV,ka-li-fi
metalo,NOM,0.02,0.47,CVCVCV,me-ta-lo
RyZise,VeR,0.02,0.34,CVCVCV,Ry-Zi-se
k6Z*le,VeR,1.12,0.14,CVCVCV,k6-Z*-le
t@t*Re,VeR,0.17,0,CVCVCV,t@-t*-Re
bal@se,VeR,0.56,9.93,CVCVCV,ba-l@-se
maRine,VeR,0.84,1.15,CVCVCV,ma-Ri-ne
posed@,NOM,0.01,0.34,CVCVCV,po-se-d@
debite,VeR,0.01,0.34,CVCVCV,de-bi-te
R*dize,VeR,0,0.34,CVCVCV,R*-di-ze
bel*m@,NOM,0,0.68,CVCVCV,be-l*-m@
k6ZyRe,VeR,0.15,0.07,CVCVCV,k6-Zy-Re
koR6pe,VeR,0.02,0,CVCVCV,ko-R6-pe
R*p@ti,ADJ,0,0.14,CVCVCV,R*-p@-ti
patoZe,VeR,0.48,1.89,CVCVCV,pa-to-Ze
tamize,VeR,0,0.14,CVCVCV,ta-mi-ze
tulone,NOM,0,0.41,CVCVCV,tu-lo-ne
suliNe,VeR,0.01,1.08,CVCVCV,su-li-Ne
gid*Re,VeR,0.8,0,CVCVCV,gi-d*-Re
Resite,VeR,0,0.41,CVCVCV,Re-si-te
k6s@t@,ADJ,0.35,0.27,CVCVCV,k6-s@-t@
geRiz6,NOM,5.43,4.93,CVCVCV,ge-Ri-z6
m*zyRe,ADJ,0.2,2.03,CVCVCV,m*-zy-Re
maRina,NOM,1.14,0.07,CVCVCV,ma-Ri-na
Rekyze,VeR,0.14,0.34,CVCVCV,Re-ky-ze
Rakol@,VeR,0.01,0.07,CVCVCV,Ra-ko-l@
kOleRe,VeR,0.01,0,CVCVCV,kO-le-Re
divize,VeR,0.84,1.35,CVCVCV,di-vi-ze
Rekyze,VeR,0.01,0.41,CVCVCV,Re-ky-ze
bos*R6,ADJ,0,0.34,CVCVCV,bo-s*-R6
devida,VeR,0,0.2,CVCVCV,de-vi-da
difeRe,VeR,0.12,1.82,CVCVCV,di-fe-Re
dem@ti,ADJ,0.05,0.34,CVCVCV,de-m@-ti
b6papa,NOM,0.07,1.55,CVCVCV,b6-pa-pa
balote,ADJ,0,0.34,CVCVCV,ba-lo-te
lesive,VeR,0,0.14,CVCVCV,le-si-ve
defile,VeR,0.25,0.07,CVCVCV,de-fi-le
deniSe,VeR,0.41,0,CVCVCV,de-ni-Se
balize,VeR,0.06,0.34,CVCVCV,ba-li-ze
RepaRe,VeR,2.71,0,CVCVCV,Re-pa-Re
diZite,ADJ,0,0.07,CVCVCV,di-Zi-te
gaS*Re,VeR,0.03,0,CVCVCV,ga-S*-Re
R*byt@,ADJ,0.14,0.27,CVCVCV,R*-by-t@
medyze,VeR,0,0.41,CVCVCV,me-dy-ze
kup*R6,VeR,0.2,0.2,CVCVCV,ku-p*-R6
bukine,VeR,0.14,0.14,CVCVCV,bu-ki-ne
R*t*ne,VeR,1.1,15.34,CVCVCV,R*-t*-ne
deziNe,ADJ,0.03,0.61,CVCVCV,de-zi-Ne
dem@ti,ADJ,0.16,0.07,CVCVCV,de-m@-ti
Rukule,VeR,0.03,0.68,CVCVCV,Ru-ku-le
kavite,NOM,1.26,1.49,CVCVCV,ka-vi-te
k@dida,NOM,9.63,2.84,CVCVCV,k@-di-da
Rikane,VeR,0.02,0.68,CVCVCV,Ri-ka-ne
mesaZe,NOM,9.6,3.38,CVCVCV,me-sa-Ze
petoSe,VeR,0.01,0,CVCVCV,pe-to-Se
R*SiNe,VeR,0,0.61,CVCVCV,R*-Si-Ne
gaR@ti,ADJ,1.56,1.82,CVCVCV,ga-R@-ti
R*loZe,VeR,0.15,0,CVCVCV,R*-lo-Ze
batize,VeR,0.99,1.96,CVCVCV,ba-ti-ze
v@Z*R6,VeR,0.58,0,CVCVCV,v@-Z*-R6
R*peNe,VeR,0.01,0.41,CVCVCV,R*-pe-Ne
miZot6,VeR,0,0.14,CVCVCV,mi-Zo-t6
fasone,VeR,0.23,1.08,CVCVCV,fa-so-ne
goSise,VeR,0,0.07,CVCVCV,go-Si-se
s5dike,VeR,0.13,0.34,CVCVCV,s5-di-ke
RepaRe,VeR,0.08,0.41,CVCVCV,Re-pa-Re
k6poze,VeR,0.04,0.34,CVCVCV,k6-po-ze
diRiZa,VeR,0,0.14,CVCVCV,di-Ri-Za
kom@de,ADJ,0.08,0.2,CVCVCV,ko-m@-de
k6t@te,VeR,0.37,9.32,CVCVCV,k6-t@-te
sideRe,ADJ,0,0.27,CVCVCV,si-de-Re
R*kyle,ADJ,0.39,1.42,CVCVCV,R*-ky-le
favela,NOM,1.25,0,CVCVCV,fa-ve-la
magane,VeR,0.03,0,CVCVCV,ma-ga-ne
milit@,NOM,1.18,4.86,CVCVCV,mi-li-t@
mitiZe,VeR,0.1,0.2,CVCVCV,mi-ti-Ze
kopyl@,VeR,0.02,0.07,CVCVCV,ko-py-l@
bulimi,NOM,0.26,0.47,CVCVCV,bu-li-mi
dilate,VeR,0.05,0.2,CVCVCV,di-la-te
SuSute,VeR,0.02,0.07,CVCVCV,Su-Su-te
pofine,VeR,0,0.07,CVCVCV,po-fi-ne
Ral*m@,NOM,0,0.07,CVCVCV,Ra-l*-m@
duluR2,ADJ,11.88,20.68,CVCVCV,du-lu-R2
gabone,NOM,0,0.34,CVCVCV,ga-bo-ne
maNifi,VeR,0.03,0.2,CVCVCV,ma-Ni-fi
mel*Ra,VeR,0.41,0.14,CVCVCV,me-l*-Ra
R*sina,NOM,0.13,0,CVCVCV,R*-si-na
mel*Re,VeR,0.3,0.2,CVCVCV,me-l*-Re
Rafine,VeR,0,0.14,CVCVCV,Ra-fi-ne
g6fal6,NOM,0,0.07,CVCVCV,g6-fa-l6
pik*Re,VeR,0.08,0.27,CVCVCV,pi-k*-Re
t@pete,VeR,0.01,0.14,CVCVCV,t@-pe-te
maleze,ADJ,0.13,1.28,CVCVCV,ma-le-ze
devum@,NOM,4.03,8.51,CVCVCV,de-vu-m@
l@dole,NOM,0,0.07,CVCVCV,l@-do-le
S*mine,VeR,0,0.74,CVCVCV,S*-mi-ne
dut*Re,VeR,0.11,0.14,CVCVCV,du-t*-Re
kabot5,ADJ,0.03,0.07,CVCVCV,ka-bo-t5
satyRe,ADJ,0.12,0,CVCVCV,sa-ty-Re
lam@te,VeR,0,0.07,CVCVCV,la-m@-te
Sifona,VeR,0,0.2,CVCVCV,Si-fo-na
piloRi,NOM,0.01,0.14,CVCVCV,pi-lo-Ri
deRobe,ADJ,0.11,0.74,CVCVCV,de-Ro-be
RuZiRe,VeR,0.13,0.14,CVCVCV,Ru-Zi-Re
dek6fi,VeR,0.01,0.07,CVCVCV,de-k6-fi
mitone,VeR,0.02,0.27,CVCVCV,mi-to-ne
dekoRe,VeR,0.1,0,CVCVCV,de-ko-Re
defaze,ADJ,0.02,0.07,CVCVCV,de-fa-ze
baRake,ADJ,0.06,0.14,CVCVCV,ba-Ra-ke
posede,NOM,0.9,1.08,CVCVCV,po-se-de
seviRe,VeR,0.14,0.07,CVCVCV,se-vi-Re
R*lyke,VeR,0.04,0.07,CVCVCV,R*-ly-ke
kul*Ra,VeR,0.05,0,CVCVCV,ku-l*-Ra
bekot@,VeR,0,0.14,CVCVCV,be-ko-t@
k6some,VeR,3,4.12,CVCVCV,k6-so-me
seleRa,NOM,2.19,0.27,CVCVCV,se-le-Ra
patine,VeR,0.27,1.01,CVCVCV,pa-ti-ne
Risole,VeR,0.01,0.27,CVCVCV,Ri-so-le
k@talu,NOM,0.01,0.07,CVCVCV,k@-ta-lu
dekupe,ADJ,0.32,1.08,CVCVCV,de-ku-pe
monym@,NOM,1.61,8.78,CVCVCV,mo-ny-m@
koZite,VeR,0.01,0,CVCVCV,ko-Zi-te
dekad@,NOM,0.01,0.14,CVCVCV,de-ka-d@
saliRe,VeR,0.05,0.07,CVCVCV,sa-li-Re
suv*n6,VeR,0.97,0.27,CVCVCV,su-v*-n6
k6pase,ADJ,0,0.47,CVCVCV,k6-pa-se
R*laSe,VeR,4.77,0,CVCVCV,R*-la-Se
Rybato,ADV,0,0.07,CVCVCV,Ry-ba-to
S@bule,VeR,0.51,0.68,CVCVCV,S@-bu-le
devise,VeR,0.18,0.14,CVCVCV,de-vi-se
supiRe,VeR,0.13,6.96,CVCVCV,su-pi-Re
fatige,VeR,2.89,3.31,CVCVCV,fa-ti-ge
deZ@te,ADJ,0.15,0,CVCVCV,de-Z@-te
bityRe,VeR,0,0.14,CVCVCV,bi-ty-Re
nik*le,VeR,0,0.07,CVCVCV,ni-k*-le
fom@te,VeR,0,0.07,CVCVCV,fo-m@-te
R*baty,ADJ,0.02,0,CVCVCV,R*-ba-ty
R*seR@,VeR,0,0.61,CVCVCV,R*-se-R@
minysi,NOM,0.14,0.14,CVCVCV,mi-ny-si
matine,VeR,0,0.14,CVCVCV,ma-ti-ne
m*zyRa,VeR,0,0.14,CVCVCV,m*-zy-Ra
dep*se,VeR,0.03,0,CVCVCV,de-p*-se
taRode,VeR,0,0.14,CVCVCV,ta-Ro-de
defule,VeR,0.01,0,CVCVCV,de-fu-le
piZama,NOM,1.01,2.5,CVCVCV,pi-Za-ma
salyRe,VeR,0.03,0.07,CVCVCV,sa-ly-Re
p6pone,VeR,0,0.2,CVCVCV,p6-po-ne
def*Re,VeR,0.15,0.27,CVCVCV,de-f*-Re
pan*t6,NOM,0.01,0,CVCVCV,pa-n*-t6
deseRa,VeR,0,0.07,CVCVCV,de-se-Ra
gaRote,VeR,0.01,0.14,CVCVCV,ga-Ro-te
dem6te,ADJ,0.01,0.14,CVCVCV,de-m6-te
R*lize,VeR,0.7,0.54,CVCVCV,R*-li-ze
k6syme,VeR,0,0.14,CVCVCV,k6-sy-me
Rabese,VeR,1.65,1.22,CVCVCV,Ra-be-se
piloti,NOM,0.33,2.3,CVCVCV,pi-lo-ti
p@S*R6,VeR,0.37,0.14,CVCVCV,p@-S*-R6
maRine,VeR,0,0.14,CVCVCV,ma-Ri-ne
des*le,VeR,0,0.14,CVCVCV,de-s*-le
d@t*le,ADJ,0.01,0.47,CVCVCV,d@-t*-le
depeN@,VeR,0.02,0,CVCVCV,de-pe-N@
m@tiRe,VeR,1.6,0.14,CVCVCV,m@-ti-Re
d2mis@,NOM,0.01,0.07,CVCVCV,d2-mi-s@
tupin@,VeR,0,0.14,CVCVCV,tu-pi-n@
tusote,VeR,0,0.07,CVCVCV,tu-so-te
pys*R6,NOM,0.06,0.2,CVCVCV,py-s*-R6
kanone,VeR,0,0.07,CVCVCV,ka-no-ne
mom*Ri,NOM,0,0.27,CVCVCV,mo-m*-Ri
seR*Re,VeR,0.06,0.07,CVCVCV,se-R*-Re
RaS*te,VeR,0,0.14,CVCVCV,Ra-S*-te
fyz*le,ADJ,0.14,0.14,CVCVCV,fy-z*-le
balize,VeR,0.01,0.14,CVCVCV,ba-li-ze
libeR@,VeR,0.23,2.16,CVCVCV,li-be-R@
deseRe,VeR,0.38,3.58,CVCVCV,de-se-Re
dem@ti,NOM,0.03,0.61,CVCVCV,de-m@-ti
defeke,VeR,0.14,0.07,CVCVCV,de-fe-ke
k6poze,ADJ,0.03,0.27,CVCVCV,k6-po-ze
Rabaty,ADJ,0,0.68,CVCVCV,Ra-ba-ty
fasine,VeR,2.67,9.46,CVCVCV,fa-si-ne
panaSe,ADJ,0.05,0.41,CVCVCV,pa-na-Se
Retame,VeR,0,0.07,CVCVCV,Re-ta-me
R*buSe,VeR,0,0.07,CVCVCV,R*-bu-Se
d@sota,VeR,0,0.07,CVCVCV,d@-so-ta
d@dine,VeR,0,0.07,CVCVCV,d@-di-ne
Ramase,VeR,0.81,1.08,CVCVCV,Ra-ma-se
kal*p5,NOM,0.17,0.61,CVCVCV,ka-l*-p5
s@tiRe,VeR,1.2,2.91,CVCVCV,s@-ti-Re
deteN@,VeR,0,0.07,CVCVCV,de-te-N@
k6voke,VeR,0.01,0.41,CVCVCV,k6-vo-ke
koSone,ADJ,0,0.07,CVCVCV,ko-So-ne
sepaRa,VeR,0,0.27,CVCVCV,se-pa-Ra
diseke,VeR,0.01,0.07,CVCVCV,di-se-ke
k6kyR@,NOM,1.65,1.49,CVCVCV,k6-ky-R@
k@kane,VeR,0,0.07,CVCVCV,k@-ka-ne
Raz*Re,VeR,0.05,0.27,CVCVCV,Ra-z*-Re
kyv*Re,VeR,0.01,0,CVCVCV,ky-v*-Re
demule,VeR,0,0.07,CVCVCV,de-mu-le
depoz6,VeR,0.1,0.2,CVCVCV,de-po-z6
Sik*m@,ADV,0.01,0.14,CVCVCV,Si-k*-m@
Ravale,VeR,0,0.14,CVCVCV,Ra-va-le
figyRe,ADJ,0.56,0.95,CVCVCV,fi-gy-Re
degute,NOM,0.01,0.74,CVCVCV,de-gu-te
dem@Ze,VeR,0.29,1.42,CVCVCV,de-m@-Ze
pOm*le,VeR,0,0.07,CVCVCV,pO-m*-le
Rafine,VeR,0.19,0.41,CVCVCV,Ra-fi-ne
k6tiny,VeR,76.64,50.54,CVCVCV,k6-ti-ny
Radote,VeR,0.1,0,CVCVCV,Ra-do-te
SySote,VeR,1.46,3.92,CVCVCV,Sy-So-te
k6syme,VeR,0.05,0,CVCVCV,k6-sy-me
Revize,VeR,0,0.14,CVCVCV,Re-vi-ze
sys*Re,VeR,0.1,0.27,CVCVCV,sy-s*-Re
gaN*Ra,VeR,2.56,0.74,CVCVCV,ga-N*-Ra
Rezyme,VeR,0,0.14,CVCVCV,Re-zy-me
simili,NOM,0.04,1.01,CVCVCV,si-mi-li
paRafe,VeR,0.06,0,CVCVCV,pa-Ra-fe
seRaf5,NOM,0.06,0.2,CVCVCV,se-Ra-f5
pyR*te,NOM,0,0.07,CVCVCV,py-R*-te
Rekole,NOM,0,0.74,CVCVCV,Re-ko-le
RabaSe,VeR,0.12,0.34,CVCVCV,Ra-ba-Se
pikoRe,VeR,0,0.07,CVCVCV,pi-ko-Re
k6pati,VeR,2.07,0.34,CVCVCV,k6-pa-ti
tityb@,ADJ,0.01,1.28,CVCVCV,ti-ty-b@
dezav2,NOM,0.07,0.61,CVCVCV,de-za-v2
debaRa,VeR,0,0.07,CVCVCV,de-ba-Ra
sumaR5,ADJ,2.42,1.28,CVCVCV,su-ma-R5
R*v@dy,VeR,0.28,0,CVCVCV,R*-v@-dy
basine,NOM,0.16,0.34,CVCVCV,ba-si-ne
R*pas@,VeR,0.31,1.96,CVCVCV,R*-pa-s@
v@tile,VeR,0.01,0.34,CVCVCV,v@-ti-le
nepale,NOM,0.01,0.07,CVCVCV,ne-pa-le
fyR*te,VeR,0,0.07,CVCVCV,fy-R*-te
libido,NOM,1.79,1.22,CVCVCV,li-bi-do
vOg*R6,VeR,0.12,0.07,CVCVCV,vO-g*-R6
sifone,ADJ,0.17,0.14,CVCVCV,si-fo-ne
komete,VeR,0.06,0.41,CVCVCV,ko-me-te
koRele,VeR,0.01,0,CVCVCV,ko-Re-le
defiZe,VeR,0,0.07,CVCVCV,de-fi-Ze
sutiRe,VeR,0.01,0,CVCVCV,su-ti-Re
polone,NOM,7.06,8.18,CVCVCV,po-lo-ne
p@S*m@,NOM,0,0.2,CVCVCV,p@-S*-m@
litani,NOM,0.56,4.53,CVCVCV,li-ta-ni
def*ze,VeR,0.04,2.5,CVCVCV,de-f*-ze
sakaZa,VeR,0.1,0.27,CVCVCV,sa-ka-Za
Rigolo,ADJ,5,2.64,CVCVCV,Ri-go-lo
Z@tim@,ADV,11.32,21.76,CVCVCV,Z@-ti-m@
koRiZe,NOM,0.03,0.07,CVCVCV,ko-Ri-Ze
k6d@se,VeR,0.03,0.14,CVCVCV,k6-d@-se
m@tiR6,VeR,0.04,0.07,CVCVCV,m@-ti-R6
talon6,VeR,0.01,0,CVCVCV,ta-lo-n6
l@bin@,VeR,0,0.07,CVCVCV,l@-bi-n@
depas@,VeR,0.47,4.86,CVCVCV,de-pa-s@
bav*Re,VeR,0.02,0.07,CVCVCV,ba-v*-Re
defiRa,VeR,0.05,0,CVCVCV,de-fi-Ra
R*nim@,NOM,0.02,1.42,CVCVCV,R*-ni-m@
R2peS@,VeR,0.01,0,CVCVCV,R2-pe-S@
def@dy,VeR,0.5,0.47,CVCVCV,de-f@-dy
R*f*Ra,VeR,1.28,0.27,CVCVCV,R*-f*-Ra
potiR6,NOM,0.99,0.61,CVCVCV,po-ti-R6
R*gaNe,VeR,0.02,1.01,CVCVCV,R*-ga-Ne
R*s@ti,ADJ,0.03,0.07,CVCVCV,R*-s@-ti
men*Re,VeR,0.98,2.3,CVCVCV,me-n*-Re
R*vety,ADJ,0,0.27,CVCVCV,R*-ve-ty
bip*Re,VeR,0.06,0,CVCVCV,bi-p*-Re
myZis@,ADJ,0,0.07,CVCVCV,my-Zi-s@
kalez6,NOM,0.1,0,CVCVCV,ka-le-z6
R*vule,VeR,0.01,0.14,CVCVCV,R*-vu-le
kam*Ra,VeR,0.59,0.14,CVCVCV,ka-m*-Ra
RatyRe,VeR,0,0.07,CVCVCV,Ra-ty-Re
R*bif@,VeR,0,0.07,CVCVCV,R*-bi-f@
kabote,VeR,0,0.07,CVCVCV,ka-bo-te
k6fese,VeR,0.15,0.74,CVCVCV,k6-fe-se
S*mine,NOM,9.99,36.28,CVCVCV,S*-mi-ne
R*n6se,VeR,15.23,21.55,CVCVCV,R*-n6-se
R@p*Re,VeR,0,0.07,CVCVCV,R@-p*-Re
l@paRo,NOM,0,0.14,CVCVCV,l@-pa-Ro
R*S@pi,NOM,0,0.07,CVCVCV,R*-S@-pi
RaS*te,VeR,0.09,0.07,CVCVCV,Ra-S*-te
bukin@,VeR,0.01,0.07,CVCVCV,bu-ki-n@
sOt*m@,ADV,0.33,2.3,CVCVCV,sO-t*-m@
mORoRa,NOM,0.61,0.47,CVCVCV,mO-Ro-Ra
t5pan6,NOM,0.03,0.2,CVCVCV,t5-pa-n6
getap@,NOM,0.68,0.74,CVCVCV,ge-ta-p@
v@t*Re,VeR,0.07,0.07,CVCVCV,v@-t*-Re
fis*le,VeR,0.36,2.03,CVCVCV,fi-s*-le
demode,VeR,0.03,0.14,CVCVCV,de-mo-de
R*done,VeR,0,0.2,CVCVCV,R*-do-ne
bityme,VeR,0.01,0.07,CVCVCV,bi-ty-me
dem@Ze,VeR,0.13,0.07,CVCVCV,de-m@-Ze
panaSe,NOM,0.02,0.2,CVCVCV,pa-na-Se
debale,VeR,0.02,0.07,CVCVCV,de-ba-le
dekuSa,VeR,0,0.07,CVCVCV,de-ku-Sa
deSene,VeR,0.06,0.07,CVCVCV,de-Se-ne
sel*Ra,VeR,0.03,0,CVCVCV,se-l*-Ra
l5Z*Ri,NOM,4.11,4.73,CVCVCV,l5-Z*-Ri
Riv*te,VeR,0,0.07,CVCVCV,Ri-v*-te
Ravive,VeR,0,0.07,CVCVCV,Ra-vi-ve
R*v*ne,VeR,7.47,56.76,CVCVCV,R*-v*-ne
boZole,NOM,0.04,1.49,CVCVCV,bo-Zo-le
